2fab4633-2a4d-466c-9f05-38fd2e72e540;10.452418;51.772276;Clausthal-Zellerfeld - ;Asphaltierter Parkplatz an der Straße, die abends/nachts sehr wenig befahren ist. An einer Stelle hat man etwas Fernblick. Die abgestorbenen Bäume bieten einen etwas traurigen Anblick. Das Vogelgezwitscher und ein schöner Sonnenuntergang entschädigen. Ein Schild warnt vor Wildschweinen.
d0d9d9d2-6b8f-4275-bb6f-5ffe66a908d1;10.457914;51.767919;Altenau - B242;Kleiner Parkplatz bei der Magdeburger Hütte, schöne Aussicht ins Tal. Allerdings direkt an der Straße - uns hat es nicht gestört da nachts kaum befahren. Auf dem Parkplatz vorher WoMo-Verbotsschild, aber hier nicht, sind über Nacht geblieben, ganz problemlos.
10c23245-574f-48e1-bf9f-4852f2edebae;10.443244;51.797925;Altenau - 35 Karl-Reinecke-Weg;Allgemeiner Parkplatz der Therme "Heißer Brocken" in Altenau. Es gibt keinen ausgewiesenen Bereich für Wohnmobile. Wenn Sie Strom möchten, parken Sie in der Nähe der Stromsäulen. Quadrat teilweise schräg. Unterirdisch asphaltiert, teilweise Schotter.
f6100122-332a-4580-befe-74a7927378c7;10.448729;51.80102;Altenau - 16 Sonderstraße;Tagesplatz ohne Ver- und Entsorgungsmöglichkeiten. Ausgangspunkt für tolle Wandertouren. Spielplatz in der Nähe.
342119e7-70fb-40d0-bd68-6a89abfc75fb;10.460371;51.798906;Altenau - 43 Kleine Oker;Kleiner Parkplatz des Waldschwimmbades am Ende einer Sackgasse. Freibad (mit dem Wasser der kleinen Oker = a...kalt) kostenfrei. Kleiner Spielplatz mit Rutsche, Schaukeltieren und Sandkasten auf Schwimmbadgelände. Übernachtung (für kleine Mobile und Kastenwagen <6m) geduldet. nachts sehr ruhig
a7430a35-315c-4f2c-b303-d3d999921ad6;10.448869;51.803968;Altenau - 3 L504;Altenau, Kostenloser Stellplatz auf einem Parkplatz. Der Platz ist gut für einen Tag. Direkt im Ort. Gegenüber ein Lebensmittelladen. Zu Fuß ist die Ortsmitte gut zu erreichen. Guter Ausgangspunkt für Wandertouren. Keine Ver und Entsorgung
74194bb0-24e4-4226-9faf-4d9ca2b15d59;10.36788;51.79001;Clausthal-Zellerfeld - B242;Netter ruhiger Platz ein Stück abseits der Straße. Die Straße hört man kaum, Man steht idyllisch.
dd9e1dbb-1fc6-44d5-a77d-be84513fa153;10.353764;51.743557;Osterode am Harz - ;Kleiner Erholungsplatz am Waldrand, gut zu erreichen (nahe einer Straße, welche jedoch nachts wenig befahren ist), Pause machen erwünscht
e8beac38-f6cf-4ff0-a647-5123a1d7fb3b;10.351475;51.747814;Osterode am Harz - B498;Parkplatz oberhalb der Talsperre
b7e70629-4894-4ee2-b290-1471f0c1763e;10.467565;51.806422;Altenau - Schultal;Parkplatz Tischlertal. Wir haben hier im Apr. 2020 (Corona, alles geschlossen) für 2 Tage/Nächte problemlos gestanden. Nur offenes Grillen sollte man wg. Waldbrandgefahr unterlassen. Links führt vom Parkplatz ein Fussweg nach ca. 100m über eine Holzbrücke zu einem idyllisch am Bach gelegenen Picknickplatz. Altenau auf schönem Weg durch die Wiesen des Mühlenberg fussläufig erreichbar. Auch diverse Wanderungen von hier aus möglich!
130efdc1-9f45-40d5-9562-ac54ed0d37a3;10.514774;51.761;Sankt Andreasberg - 8 Sonnenberg;Schöner asphaltierter Stellplatz für Wanderungen z.b. zum Oderteich (1,8 km) Der Weg dorthin ist mittelschwer einzuordnen. Ziemlich viel Furchen und Wurzelwerk.  Parken nur ab 6 - 22 Uhr erlaubt
3648981a-90de-4637-a930-05827c762c37;10.38218;51.806348;Clausthal-Zellerfeld - ;Sehr Ruhiger Parkplatz, direkt am Waldrand idealer Ausgangspunkt für Wandertouren/ Fahrradtouren für einen Zwischenstopp über Nacht gut geeignet Platz für 1- max. 2 große Wohnmobile leicht geschotterter Waldboden als Untergrund
a0143a26-dc20-4e13-895e-42c433a23a08;10.447465;51.703719;Herzberg am Harz - L521;Wanderparkplatz Sieber. Jetzt mit übernachtsungsverbotsschild, da der Ort sehr verschmutzt wurde. Etwas abseits von der Straße die sehr wenig befahren ist. Sehr ruhig. Grenzenlose Möglichkeiten zum Wandern. Im Winter gibt es in der Nähe eine Langlaufloipe. Eine Alternative wenn der ausgeschilderte Stellplatz in Sieber belegt ist.
2ab85c2b-75af-4aad-96b2-fc2a5378e1df;10.509032;51.797672;Altenau - L504;Einfacher Parkplatz ohne Verbotsschilder mit leichter Schräglage
ac128bfd-8d58-4395-845c-d89245d8b842;10.33167;51.77193;Clausthal-Zellerfeld - 8 An der Trift;Wanderparkplatz „An der Trift“. Ein breiter Schotterweg auf dem auch zur Ürbernachtung geparkt werden kann. Durch die Hanglage ist das Längsausrichten des Fahrzeugs hier nur bedingt möglich.
23bdda6c-c3cd-4d9c-b1af-86a487088453;10.418396;51.694225;Herzberg am Harz - 40 Runde Wiesen;Kostenloser Wohnmobilstellplatz für 4 bis 6 (je nach Länge) Mobile neben dem Feuerwehrgebäude. Zufahrt über die Strasse , Tiefenbeek. Dort befindet sich eine Damen- und Herrentoilette in gepflegtem Zustand. 50 m entfernt ein Freibad. Bei dem hintersten Platz ist der Satelitenempfang nicht möglich. Wirklich sehr ruhig. Der angrenzende Bolz- und Spielplatz kann bei gutem Wetter vielleicht zu hören sein. Sehr gute Wandermöglichkeiten. Liebe Gemeinde Sieber, vielen lieben Dank für diesen Platz. Keine Ver- und Entsorgungstation.
cdbe476f-02d1-4193-97a6-97f40142490f;10.46875;51.69771;Osterode am Harz - Königshof;Befestigter Parkplatz im Siebertal am Beginn einer autofreien Straße in den Nationalpark Harz. Nicht besonders ruhig, da in der Nähe die L521 vorbeiführt, die von Motorradfahrern geliebt wird. Aber ein sehr schöner Ausgangspunkt für Wanderungen.
dded46d2-c06f-42fb-bace-3c41eb563c67;10.521487;51.723669;Sankt Andreasberg - ;Parkplatz. Kein Service. Naturlehrpfad und Straße in der Nähe, daher ein wenig Verkehrslärm.
ef9a4e56-eab8-4869-bcc5-7122a8edad46;10.323746;51.783663;Clausthal-Zellerfeld - B241;Kleiner Parkplatz mit Schotteruntergrund, ein bisschen uneben. Kurzer Fußweg zu einem der schönsten Seen Clausthals. Hier darf man auch baden gehen. Schöner Startpunkt für eine Wanderung oder Tour mit dem Mountainbiker.
c56d3eb3-467e-4127-bc21-6bddb2bdaa22;10.379545;51.696707;Herzberg am Harz - Unnamed Road;Platz direkt in der Natur. Mit Picknickplatz. Nur wenig genutzt. Naturbach direkt am Parkplatz. Guter Startpunkt zum Wandern im Nationalpark. Übernachten nicht erlaubt. Bis 22:00Uhr frei. Keine Versorgung, keine Entsorgung. Kein Handyempfang.
10bf3cf5-5a3c-4daa-9725-4781a383eaec;10.350494;51.810868;Clausthal-Zellerfeld - 27 Haus-Herzberger-Straße;Parkplatz des Waldseebades direkt am See. Wenig Verkehr. Schön für einen Spaziergang um den See und 8 Min Fußweg vom Italiener Lucania entfernt. Dabei macht man einen schönen Spaziergang durch die "NUR Dach Häuser", eine Feriensiedlung mit kleinen Häuschen.   Lage direkt am Waldseebad. Hier der einzige See, an dem man mit Bademeister in der Umgebung baden gehen kann.   Platz gross genug für 50-70 Fahrzeuge, aber meist sind hier um die 5-10, meistens ist man ganz alleine.  Untergrund: Schotter, ebene Fläche  Im Winter wird hier der Schnee gelagert, daher dann nicht befahrbar.
714a11aa-490f-4c0f-9aff-ef4b635aa512;10.53156;51.79773;Altenau - L504;Kostenlose Parkplätze (Keine Wohnmobile von 22:00 bis 06:00 Uhr)
b67eaffd-b2f6-4df5-a5f7-80c88b66b62b;10.364766;51.698172;Herzberg am Harz - Unnamed Road;Parkplatz direkt hinter dem Campingplatz. An einem Bach gelegen. Grillhütte in direkter Nähe. Auch als Picknickplatz zu nutzen. Kinderrutsche. Guter Ausgangspunkt für Wanderungen.
120b921b-d213-4ddf-acc9-2827b0f2d396;10.427661;51.83576;Schulenberg im Oberharz - 17 Tannenhöhe;Parkplatz am Ende einer Sackgasse in der Nähe der Okertalsperre. In der Nähe am Waldrand Bänke zum Rasten.
141e1f7b-06a4-49a2-8046-0b988cd7ea3e;10.550827;51.774439;Sankt Andreasberg - 2 Oderbrück-Süd;Gebührenfreier, öffentlicher Parkplatz an der Hauptstraße. Im Winter stark frequentiert, übernachten verboten
214e3552-49f7-4fa1-8ac9-584a2a5e38cf;10.309459;51.740825;Osterode am Harz - Unnamed road;Ein Parkplatz an der Staumauer des Stausees. Stellplatz für Wohnmobile per Schild erlaubt. Ok öffentliche Toiletten. Übernachten laut Schild (typisch deutsch) nicht erlaubt
64e9b3f7-43a3-42df-a17b-5be84dcd1b78;10.435049;51.837041;Schulenberg im Oberharz - 14 Wiesenbergstraße;Normales Parken über dem Campingplatz, ruhig, kostenloser Zugang zu den Toiletten und sehr schöne Aussicht
daafb6d0-797a-4242-b019-f3bda0464526;10.30715;51.77372;Clausthal-Zellerfeld - ;Kleiner Stellplatz mit einem Weg zum See direkt im Wald. Ruhige Nächte, wenig Verkehr.
b97e73d3-0882-406a-a896-262cd71515b3;10.552319;51.77618;Sankt Andreasberg - 10 Oderbrück-Süd;Kleiner kostenloser Parkplatz für Transporter und Kastenwagen, perfekt für Wanderungen, direkt an der Straße.
1cd950e1-014f-453a-82ff-4abc2585ecc5;10.452103;51.83671;Schulenberg im Oberharz - 498;Große Fläche direkt an der Okertalsperre zum verweilen in der Nacht. Umgeben von Wald und einem kleinen Teich. Stehen in der Nacht wird geduldet. Ebene Fläche. Sehr ruhig.
7eb51542-b69b-4410-878d-1083f3687e7d;10.30533;51.77274;Clausthal-Zellerfeld - Unnamed Road;„Holzumschlagplatz am Prinzenteich“
42b057fd-8ecb-4184-9622-20963beac8db;10.55049;51.784652;Altenau - B4;Parken an der B4. Sehr guter Ausgangspunkt für Wanderungen und Motorradtouren.
870a1559-f7ca-453e-a5df-99ad84a02a7e;10.451275;51.837796;Schulenberg im Oberharz - ;Einfacher Parkplatz für  Wohnmobil super  Bitte kein Müll liegenlassen sondern mitnehmen denn sonst ist hier ganz schnell eine Schranke vor
dc78308f-fb66-41d8-b042-afa5b045fb15;10.3361;51.81351;Clausthal-Zellerfeld - 5A Am Alten Bahnhof;Wohnmobilstellplatz „Alter Bahnhof“ am Busbahnhof in Clausthal-Zellerfeld. Wird auch als Parkplatz für PKW genutzt. Öffentliche Toilette 30 m entfernt (laut Schild). Kurtaxe ist in der Touri-Info zu entrichten - ansonsten kostenlos. Bergwerkmuseum ganz in der Nähe.
980fae6e-20a5-408a-b4de-a6d8bf0eabb5;10.536247;51.804067;Großparkplatz Brockenblick;Parkplatz an der Bavaria Alm mit Aussicht auf den Brocken. Für eine Nacht super. Vorsicht! Platzwart  gibt falsche Infos bezüglich der Uhrzeit, wann man den Platz verlassen soll, laut Platzwart sollte ich um 6 Uhr wegfahren. Das kam mir komisch vor also habe ich den Betreiber angerufen und es hat sich ergeben, dass ich im laufe des Vormittags abfahren darf, ohne etwas dazu zahlen zu müssen.
4716c8f8-802f-429b-aded-1761d94a6a32;10.440412;51.839212;Schulenberg im Oberharz - L517;Parkplatz ohne Wohnmobil verbot. Direkter Zugang zum See. Direkt an einer wenig befahrenen Straße.
09eabbb2-9094-4cc3-87a7-87a06445229f;10.371149;51.830951;Clausthal-Zellerfeld - 13 Sonderweg;Parkplatz mit Schotter 150 Meter von einem Badesee entfernt mit vielen gemütlichen Badebuchten und Grillmöglichkeiten
5111ca3f-8c32-469a-9fca-2ff90fe8f5d0;10.45117;51.83877;Altenau - B498;Flacher Parkplatz in der Nähe des Wassers. Neben der wenig befahrenen Straße. Genügend Platz für 2-3 Camper.
e20544a8-1859-4933-b708-b215afbf6982;10.44366;51.84116;Schulenberg im Oberharz - 2 Okertalsperre;Kleiner Seitenparkplatz an der Straße mit Schotter. Etwas abschüssig, aber noch okay. Schöner Ausblick, guter Startpunkt zum Wandern und zum Mountainbike fahren. Auch mit Hunden äußerst entspannt. Nachts war es schön ruhig mit einigen anderen Van-Reisenden, die dort ebenfalls genächtigt haben. Keine Verbotsschilder hinsichtlich Nachts dort stehenbleiben. Tagsüber viel los und viel Verkehr, aber da ist man ja eh unterwegs. Abends wird es ruhig.
f651ebf2-f16f-4589-9836-48b194a297f9;10.447415;51.840993;Schulenberg im Oberharz - L517;Parkplatz an der straße, direkt am wasser mit bademöglichkeit, campen möglich im wald auf der anderen straßenseite.
2bc05b08-8a52-442a-a1a1-3f839487bde3;10.50255;51.68997;Sankt Andreasberg - ;Platz, der vermutlich auch für das lagern der Holzwirtschaft genutzt wird (sieht man auf Sattelitenfotos in Maps). kleiner Fluss der zu hören ist, anliegende Straße nachts sehr ruhig. Wir blieben von 21:30 bis 9:30 und sind niemandem begegnet.
bc68ebe6-296e-475c-98e8-9f950dc21baf;10.349974;51.827691;Clausthal-Zellerfeld - 78 Goslarsche Straße;Erbprinzentanne Kleiner Parkplatz direkt neben der Straße und direkt am See. Schöne Aussicht über den See. Vermutlich kann man in dem See baden, konnten wir nicht testen. Verkehr auf der Straße hält sich zumindest abends in Grenzen bzw. nachts recht ruhig. Die Aussicht entschädigt sehr.
1a44f5b5-57fe-4c39-84a5-e59c8c38bcf9;10.31283;51.80777;Clausthal-Zellerfeld - 8 Am Ottiliaeschacht;Ruhiger Platz für kleine Camper, geschotterter Untergrund. Unterhalb vom Ottiliae Schacht in Clausthal-Zellerfeld. Keine Ver- oder Entsorgungsmöglichkeiten. Kein offizieller Parkplatz. Ideal für eine Nacht. Ins Zentrum mit Gaststätten ca. 10 Minuten zu Fuß.
4164e0f4-83d4-47c5-9cb1-0a14932ba745;10.292926;51.803081;Clausthal-Zellerfeld - Hüttenstraße;Kleiner schöner Rastplatz. zwischen Rastplatz und Straße sind ein paar Bäume, sodass man die Straße nur hören kann. dort fließt direkt die Innerste lang.
2ef45a4d-f6d8-4ca7-b1c2-c94ab472fb3a;10.528883;51.838529;Bad Harzburg - ;Großer kostenfreier Parkplatz (ca. 25 Parkplätze) direkt an der Bundesstraße. Wohnmobile sind zwischen 22 und 6 Uhr nicht erlaubt.
723df276-b66f-4c91-8b46-941a9e25ae48;10.470723;51.858129;Romkerhalle;Parkplatz an der Straße, nah an Wanderwegen, tagsüber viele Kajakfahrer.
90b15acb-fcf4-468c-9691-f830df8f23b4;10.309576;51.833165;Wildemann - Unnamed Road;Ganz ruhiger Platz mitten im Wald super zum Wandern und Radfahren ohne Versorgung. LTE funktioniert
67cfccd7-ccd6-48a1-a0eb-ed826e59a24e;10.34739;51.669;Herzberg am Harz - Unnamed Road;Schöner Parkplatz in einem Waldstück , zwar direkt an der Straße aber dennoch zum Parken und Übernachten möglich . Vor dem Parkplatz rechts gehend mit ca 8 min Laufweg ein schöner Wasserfall mit Aussichtspunkt.
22bcc835-3a79-4420-8404-8e49c7d17cb3;10.319199;51.678624; - K7;Der kleine Parkplatz liegt direkt einer absolut ruhigen sackgassen landstraße . es fließt dort auch ein kleiner bach und man kann wandern oder mit den hunden spazieren gehen. auch für eine pause ist der platz sehr nett.
0c113358-de5d-4812-ae57-e3a1934aeee5;10.261523;51.736288;Osterode am Harz - 58 Alte Harzstraße;Schöne ruhige Plätze vor einem Sportplatz oberhalb von Osterode
26b70270-cfd1-4603-82b4-9c8b9ee1c292;10.330264;51.847452;Goslar - 1 Am Grumbach;Schöner, recht großer Parkplatz in der Nähe des Spielplatzes und des Liebesbankwegs. Man hört die Straße, aber wir haben trotzdem zwei schöne Nächte hier verbracht.
1684709d-c337-4a61-93e9-63a997a7466a;10.331236;51.848174;Goslar - Wiesenstraße;Ein öffentlicher Parkplatz in der Nähe von verschiedenen Badeseen. Auch der Liebesbankweg kann hier gelaufen werden. Stehen über Nacht wird geduldet. Liegt direkt an der Hauptstraße, aber Nachts sehr ruhig.
09b88bc8-48cd-42d1-8210-8196525954df;10.507609;51.662699;Bad Lauterberg im Harz - L520;Ein Waldweg, 3 km hinter Bad Lauterberg Richtung Sankt Andreasberg, auf der rechten Seite, kein Verbotsschild, wunderschön ruhig, zwei Bäche zur Erfrischung, Wanderwege zum Matthias Schmidt Berg
4fecb2c7-bc99-4727-ac5d-ec4137efcad8;10.315315;51.67743;Herzberg am Harz - ;Ruhigen,ebener Schotterparkplatz. Kaum verkehr,allerdings direkt neben Bahnschienen. wir haben hier trotzdem eine sehr angenehme Nacht verbracht.
0fb2c08a-1c21-4fcf-8807-87b2a72ef91d;10.259163;51.728286;Osterode am Harz - 30 Bleichestelle;Kostenloser Großparkplatz. Von hier aus ist man in gut 5 Minuten am Marktplatz. Der Weg in die Altstadt ist sogar vom Parkplatz aus ausgeschildert. Wenn man sich in den hinteren Bereich stellt, könnte man wohl sogar übernachten.
360f4aad-be95-4e0c-a573-7970520e7963;10.269042;51.808595;Harz - Unnamed Road;Grosser Wanderparkplatz im Wald etwas von der Strasse entfernt. Absolut ruhig. Sat- Empfang problemlos. Herrliche Wanderwege direkt vom Platz aus. Für Hundebesitzer ideal..
6c08bab7-1089-4c43-9096-519345aa1f64;10.342897;51.857134;Wohnmobilstellplatz an der Stabkirche in Goslar;Parkplatz direkt am Liebesbankwanderweg. Wasser gibt's 60 Liter für 2 Euro. Sonst bietet der Platz nichts weiter. Leider waren darum auch Spuren der Camper im Wald zu sehn. Eine Toilette empfiehlt sich hier. Sonst ist es in der Nacht ruhig. Für kostenlos kann man nicht meckern.
d6212607-6932-4e1a-9f48-3cd9e0b69005;10.59344;51.712677;Braunlage - 4 An der Waldmühle;Kleiner Schotterparkplatz neben der Straße. Von Bäumen umgeben. Ruhig genug für eine Nacht.
72abcd9b-89ad-4675-8887-c869fd128d38;10.336575;51.856349;Goslar - ;Neuer Parkplatz am Ortseingang. Keine Beschränkung. Leicht schräg.
af87c11d-4913-4bf4-ba47-7c89ae2033bd;10.60367;51.72448;Braunlage - 6 Flurweg;Kostenfreier Wanderparkplatz am Rande eines Wohngebietes als Ausgangspunkt für Biketouren, Wanderungen oder zum Skigebiet Wurmberg.
bc208a56-ef24-419f-8bd7-d29f33712b12;10.609767;51.737062;Braunlage - 1 Kegelbahnweg;Guter Platz, um Wanderungen im Harz zu starten. Möglichkeit, auf den Wurmberg zu wandern. Wenn kein Schnee liegt, ist hier eine Riesenfläche. Tagsüber ist die Straße gut belebt (am Wochenende) , nachts sehr ruhig! Wir waren im Winter hier, haben eine Nacht hier verbracht, nachts war es angenehm.
11f7c2f6-6c91-4e96-8648-5c9d4c305bef;10.3424;51.85999;Goslar - 2 An den Teichwiesen;Großer Schotter-Parkplatz direkt am Bikepark/Liftstation
6690be56-5c3c-4dc1-af7e-28b93db9829c;10.273626;51.819961;Wildemann - 21 Im Schwarzewald;Schöner Parkplatz mit direktem Zugang zum Bach. See ist zu Fuß in 3 Minuten zu erreichen, einfach der Beschilderung Hundewald folgen. Bitte lassen Sie keinen Müll herumliegen.
97e269d0-f565-476b-b456-85e5a1cbe4c5;10.60973;51.73479;Braunlage - 3 Karl-Röhrig-Straße;Idyllischer Platz. Liegt in einer wenig befahrenen Straße an einem schönen Bach. Haben ihn als Ausgangspunkt für eine Brockenwanderung genutzt.
7e2b8476-7aec-48df-8d9c-d1cd663279ad;10.324045;51.853705;Goslar - ;Schotter Parkplatz. Nahe am See mit Öffnungszeiten von 11 bis 18 Uhr. Anlage kostenfrei mit Spielplatz. Wird abends aber abgeschlossen. Es gibt auf der anderen Seite des Sees am Waldrand noch Bademöglichkeiten außerhalb der Öffnungszeiten.
a53acfd9-f65b-464e-9241-7e5f5ba7c14c;10.611936;51.732365;Braunlage - 26A Harzburger Straße;Neben der Seilbahn, zu Fuß zu allen Restaurants, Geschäften und Pubs. Kostenlos von 18:00 bis 08:00 Uhr. Parken für Wohnmobile von 22 Uhr bis 8 Uhr nicht erlaubt
e81559ad-e48d-47d5-9fae-0ef83909f61e;10.55669;51.67427;St. Andreasberg - 27;Parkplatz an der Straße, nahe des Oderstausee. Zur Straße ein Zaun so das auch der Hund frei laufen kann. Über eine Brücke erreicht man den Stausee in 20-25 Gehminuten. Für den morgendlichen Hundespaziergang perfekt.
87476a2c-8dad-4004-b693-2c68fdfa7db1;10.547585;51.85109;Bad Harzburg - Radau-Waterfall;Parkplatz am Loipenstart am Eckerstausee und Brocken.
5abf7652-6b46-4397-b300-2ab84b2c928f;10.339178;51.657128;Herzberg am Harz - 23 Sieberstraße;Kostenfreier Stellplatz zentrumsnah für eine Nacht und ein Mobil. Sieberstrasse 16-18 die offizielle Adresse. Ein Parkplatz der nicht wirklich attraktiv ist. Daher nur bedingt empfehlenswert.
ffba1c80-a88b-4c20-b7f3-9d424764f411;10.24574;51.73013;Osterode am Harz - 17 Sösepromenade;Platz an der Sösepromenade. Für eine Nacht okay, wenn man sich größtenteils im Fahrzeug aufhält. An der Promenade ist eine große Wiese
046bee61-8c73-4710-a75b-c16a4d0d2099;10.614989;51.7276;Braunlage - 21 Elbingeröder Straße;Kostenloser Parkplatz. Stadt, Bergbahn und Schwimmbad sehr nahe. Nachts ruhig
a5b420d9-69bf-412c-8bbf-6049cc25492f;10.507993;51.649694;Bad Lauterberg im Harz - B27;Einfacher Parkplatz, direkt am Stausee und an der Bundesstraße. Nachts aber kaum befahren und ruhig. Gut für eine Nacht.
561c188c-2b28-49f4-965d-8978186020f1;10.329649;51.655029;Herzberg am Harz - 1 Schloß;Parkplatz am Schloss sehr ruhig    10 min Fußweg in die Innenstadt    Ausgangspunkt für Wanderungen
c6b07fac-72b1-4a50-a379-f59e8c07153b;10.23413;51.74008;Osterode am Harz - ;Stellplatz gut für ein oder zwei Tage.
1035371a-2000-4fb0-8400-fe4c0811267b;10.40414;51.637681;Herzberg am Harz - ;Parkplatz an der Einhornhöhle. Großer Parkplatz im Wald . Parkmöglichkeit von 6-20Uhr. Gute Zufahrt über befestigte Straße. Sitzmöglichkeiten , Holzbänke und Holztische vorhanden. Wir waren mit unserem Wohnmobil 7m dort. Gut geeignet für Spaziergänge und Entdeckungen.
d180ef0f-7fd2-446e-8839-99300fc84db0;10.629356;51.750542;Braunlage - ;Großer Parkplatz mitten Harz an der Wurmberg-Skipiste. In der Skisaiso kann es sehr voll sein.  Schöne Wanderwege.  Parken für Wohnmobile von 8 bis 22 Uhr
fedd476c-e609-409a-a665-3bc18f48987b;10.420699;51.883703;Goslar - 2 Bergtal;Einfacher Waldparkplatz, absolut ruhig, wer es nicht ganz so abgeschieden mag bleibt ca 600 m davor auf dem Parkplatz des Bergwerk, der ebenfalls frei ist, nachts auch erleuchtet. An dem kleinen See zwischen beiden Platzen gibt es gemütliche Bänke zum picknicken. Guter Ausgangspunkt für Wanderungen. mit dem Fahrrad ist man in 10 Min. im Zentrum von Goslar (2,5 km). Zurück dauert es bergauf etwas länger.
be7fad9a-6dc3-41b5-87f3-c99afa72f3f0;10.46004;51.637553;Bad Lauterberg im Harz - 17 Lutterstraße;Grosser Waldparkplatz. Auch für grosse Mobile geeignet. Sehr ruhig, da die Straße nur noch zu einem Waldcafé führt.
0410fd31-78b1-43cb-89ef-d0d32d1ae49b;10.508001;51.644038;Bad Lauterberg im Harz - ;Traumhafte Aussicht ähnlich wie beim Campingplatz in der Nähe nur ohne Infrastruktur, dafür aber kostenlos. Vögel singen, Wasser rauscht. Man liegt in einer Flugschneise (Leipzig Halle). Allerdings trübt es den Standort kaum dank der traumhaften Aussicht.
4e118c40-0832-48c5-a3ee-c9a353cbbdac;10.243269;51.814086;Bad Grund (Harz;Ausweichparkplatz von den Iberger Tropfsteinhöhlen. Am Waldrand neben einem Sportplatz gelegen. Ruhig und eben. Bis zum Ortskern oder zu der Tropfsteinhöhle sind es ca. 700 Meter. Guter Standort für Wanderungen, das Uhrenmuseum, oder den Schacht Knesebeck zu besuchen. Im Ort gibt es Restaurants, Cafés und einen gut sortierten Supermarkt. Die Zufahrt erfolgt über eine schmale Straße.  Fahrer ganz großer Fahrzeuge sollten sich das vorher anschauen.
eb2f35a0-c929-4b06-822c-354a2412a454;10.456804;51.631285;Bad Lauterberg im Harz - 23 Weideweg;Kleiner Waldparkplatz für 1 bis maximal 2 Camper. kein Verbotschild etc.. In direkter Nähe zum Ort. Wenig bis kein Verkehr.
cbc532d1-d1a3-4651-a412-4e4483f32535;10.636932;51.735107;Elend - B27;Schöner Platz für eine Nacht. Nachts sehr ruhig, schöner Spot für ein Frühstück in der Sonne. Direkt am Hexenstieg.
a084ba69-22d4-46c2-80db-fca093b16adb;10.4875;51.6337;Wohnmobilstellplatz Bad Lauterberg im Harz | Vitamar;Stellplatz an der Therme mit Wellenbad. 5 markierte Plätze nur für Wohnmobile. Während der Öffnungszeiten des Bades darf man die Toilette im Eingangsbereich nutzen. Platz ist kostenlos. Flach und gepflastert. Befindet sich in einer Sackgasse. Bad Lauterberg hat auch eine Innenstadt. Freitags ist meistens Markt.
c2f22313-6e4d-4d91-a4b0-f0f566481bfb;10.483568;51.632747;Bad Lauterberg im Harz - 76 Sebastian-Kneipp-Promenade;Parkplatz zwischen Schwimmbad Vitamar und dem Revita Hotel. Da der Wohnmobil Stellplatz mit fünf Fahrzeugen oft voll und eng ist haben wir schon öfter diesen Parkplatz genutzt. Es ist nie viel los und auch in der Nacht sehr ruhig. Zum Schwimmbad nur 200 m zu laufen und an der Oder entlang unter das Revita Hotel verläuft ein Weg zum Kurpark. Unterm Hotel geht eine Brücke über den Fluss direkt zu den Wanderwegen am Berg.
fc8a1e8f-513e-4825-bc21-1570eb000709;10.41782;51.89184;Goslar - 99 Rammelsberger Straße;Ruhiger geteerter Parkplatz zum spontanen Übernachten in Goslar mit wunderbarem Blick auf den Rammelsberg Stollen. Zufahrt etwas eng. Für Liner eher ungeeignet.
304eb39a-6bc9-49f2-8455-cd6b05a64051;10.46011;51.62888;Bad Lauterberg im Harz - 13A Kupferroser Weg;Sehr schöner Ort direkt an einem Fluss gelegen sehr ruhig nachts.
97526865-7c09-49a3-a5ea-82519263a4c9;10.42625;51.89251;Goslar - 103 Rammelsberger Straße;Kleiner Naturparkplatz
80a123ad-0d27-4295-9ed1-6a3eca6d324c;10.41736;51.62687;Bad Lauterberg - ;Kleiner Parkplatz im Grünen an einem kleinen Bach. Es ist ruhig und man kann von hier aus schöne Wanderungen starten.
fecbbc16-7704-4a22-9568-c329b23533e1;10.599256;51.677159;Osterode am Harz - L601;Schöner Parkplatz zwar direkt an der Straße aber gegen Abend sehr ruhig. Eine Schutzhütte und eine Sitzgelegenheit gibt es auch. Ausgangspunkt von schönen Wander Routen. Für eine Nacht bestens geeignet.
379ab163-2ec5-4b40-9e7a-f69bb8f0ec0b;10.42866;51.893969;Goslar - Bruchchaussee;Parkplatz auf dem „Blauen Haufen“. Links von der Straße ein kleines Plateau mit super Aussicht auf Goslar. Dort allerdings in den Abendstunden am Wochenende oft einige Autos, die ebenfalls „die Aussicht genießen“. Rechts von der Straße ein größerer Schotterplatz, auf dem es ruhiger ist. Dieser ist allerdings sehr zerfurcht und sehr schräg. Es gibt zwei Mülltonnen. Zum Maltermeister Turm (Restaurant) sind es ca 400m durch den Wald.
6c3de666-0bbd-4d6b-8af8-d0ec249a2d8c;10.53716;51.87677;Bad Harzburg - 1 Waldstraße;Parkplatz für 5-6 Autos. Wir hielten mit unserem Wohnmobil (7 Meter) an und machten eine Wanderung. Eine ortsansässige Dame warnte uns, dass wir eine Geldstrafe bekommen würden, wenn wir hier oder auf dem anderen Parkplatz weiter unten an der Straße übernachten würden, und dass die Polizei oft morgens käme, um nachzusehen. Einheimische mögen Camper in dieser Gegend nicht. Wir sind gegangen.
56f03b89-110b-4f22-9cb6-043256a8432f;10.477798;51.890986;Goslar - 7 Sonderweg;Tagesparkplatz in der Nähe des Beginns eines Wanderweges, der zur Mausefalle und zum Romkerhaller Wasserfall führt.
93bf1727-4864-49b2-a45e-9e9c439139e3;10.475495;51.628619;Bad Lauterberg im Harz - 8-10 Am Scholben;Oberhalb vom ehemaligen Sanatorium Bernhard. Gepflasterter Platz am Wald, in Sackgasse
59a49683-fb7e-4066-bc2d-49f1f1d76f26;10.291218;51.863618;Langelsheim - 1 Am Maaßener Gaipel;Maaßener Gaipel Parkplatz 50m neben der Pizzeria. schöner Ausblick über Lautenthal.  mit Sitzgelegenheiten
36d2efcd-72da-420d-8ed8-63b772e35ea6;10.558862;51.86849;Bad Harzburg - 1 Nordhäuser Straße;Großer Parkplatz gegenüber dem Wohnmobilstellplatz. Kostenlos ab 18 Uhr bis 8 Uhr Bezahlt ab 8 Uhr Wir könnten hier problemlos eine Nacht verbringen.
a654f8fe-5d74-490c-b104-16254ac2b3ea;10.233867;51.819866;Bad Grund (Harz;Parkplatz 2 am „Weltwald“. Nachts recht ruhig. Sind keine Übernachten Verbotsschilder. Total interessant. Sind Bäume und Pflanzen vom Europäischem, Amerikanischen und Asiatischem Kontinent. Tolle Wanderwegrunden mit unterschiedlichen Themen.  Ca. 500 m stehen mehrere Tisch, Bankkombinationen zum Verweilen oder Picknicken. Super Konzept. Und wenn schon koten in der Natur. Ein Gartenschäufelchen oder Harke die Hinterlassenschaften vergraben, macht für uns und andere die Umwelt besser und zum Genießen nicht zu ekeln.
e2e3d276-f99b-4216-b2e2-82c437656a79;10.376965;51.627692;Herzberg am Harz - 6 Am Anger;Gut befestigter Parkplatz. Nebenan verläuft ein kleiner Fluss. Die Bahnlinie nimmt man kaum wahr.
68832950-e163-4251-979c-39137b104fff;10.228865;51.816102;Bad Grund (Harz;P 1 Parkplatz oberhalb von Campingplatz. Oben an Straße gehört zum Weltwald. Sind keine Übernachten Verbotsschilder. Total interessant. Sind Bäume und Pflanzen vom Europäischem, Amerikanischen und Asiatischem Kontinent. Tolle Wanderwegrunden mit unterschiedlichen Themen. Haben Verbindung zu Parkplatz 2. Hier oben stehen mehrere Tisch, Bankkombinationen zum Verweilen oder Picknicken. Außerdem beginnt hier der Erlebnispfad für Kinder. Und der Mammutbaumpfad mit mehreren Mammutbäumen. Sie sind  zwar nicht so groß wie in Kaliformien, aber jetzt schon beeindruckend. Und in 500 Jahren erst... Super Konzept. Und wenn schon koten in der Natur. Ein Gartenschäufelchen oder Harke die Hinterlassenschaften vergraben, macht für uns und andere die Umwelt besser und zum Genießen nicht zu ekeln.
3afb6b60-131c-49bb-9dda-6a008562b6f1;10.528138;51.88255;Bad Harzburg - 1 Am Silberborn;Ein sehr schöner Parkplatz zum übernachten, sehr ruhig. Guter Ausgangspunkt zum Wandern.
4af6ebf4-d4b5-4942-997a-d08c310d5f19;10.394206;51.894959;Goslar - 8 Nonnenberg;Schotterparkplatz, leicht schräg, für alle WoMos geeignet. Zugang zu vielen Wanderwegen, großer Spielplatz. Möglichkeit zur Einkehr ca. 300m (Steinbergalm). Von dort tolle Aussicht auf Goslar.
50371922-a512-45a2-9365-22fc09e89458;10.41217;51.62298;Bad Lauterberg im Harz - 2C Domänenweg;Sehr ruhige Lage in einer Sackgasse. Der Fluss Oder gleich nebenan.
5971463d-548a-4028-bd0f-40e2e386cf61;10.538328;51.882952;Bad Harzburg - 30 Silberbornstraße;Kleiner Parkplatz, der tagsüber stark frequentiert ist und von Spaziergängern des Wildgeheges genutzt wird. Abends ruhiger Platz an einer wenig befahrenen Straße. 2-3 Stellplätze für eher kleinere Wohnmobile (6m). Rundgang um Tierpark und Golfplatz, ca. 3km ist empfehlenswert.
ef3494bc-1289-45ff-a3a2-8bd26607ecaa;10.61866;51.67957;Osterode am Harz - L600;Nullpunkt Parkplatz
729ba51a-acd5-4c6c-b888-313dc637da8c;10.42838;51.90206;Goslar - 1A Wallstraße;Parken bis 6 m in unmittelbarer Nähe der Goslarer Altstadt. Der Platz liegt in unmittelbarer Nähe zur Kaiserpfalz und man erreicht den Marktplatz in wenigen Minuten.
b909f8db-1d5b-4b45-b57a-7867a850f283;10.489655;51.620432;Bad Lauterberg im Harz - 75 Wiesenbek;Schöner ruhiger Stellplatz im Wald. Auf kleinem Parkplatz. Wanderwege und durch die Bäume Blick auf den Teich, mit gegenüberliegendem Campingplatz. Parkplatz ist recht eben, und auch größere Wohnmobile können hier stehen. Anfahrt dafür allerdings recht eng und holprig.
179bc5f6-d06a-46e5-b2fd-2b0211f458ac;10.662516;51.73705;Elend - B27;Parkplatz für Wanderungen, für eine Nacht gut geeignet
b657bf40-3b48-4a81-80e7-68897e2b108e;10.530808;51.893065;Bad Harzburg - 28A Herbrink;Großer Parkplatz für Nutzung am Tag, Direkt am Sportpark
a04d7e29-45cf-4789-baf3-342d3d3c8d46;10.667381;51.764295;Wernigerode - 1A Kirchberg;Parkplatz für den Tag ( nur 8-20 Uhr) als Ausgangspunkt für Wanderungen oder zum Klettern. 5 eigene Wohnmobilstellplätze. Parken kann ausschließlich mit ec-Karte!! (wirklich ausschließlich!) gezahlt werden.
dae5ad21-e367-4fd4-be29-fe00fc7689f4;10.28792;51.87836;Langelsheim - 1 Kiefernweg;Wir suchten nach einem Wanderevent, einen Platz, an den wir in unseren Bus nächtigen konnten. Es ist eine asphaltierte Fläche. Es stand nirgendwo ein Schild, das es verboten wäre hier zu parken etc. Wir konnten also ungestört eine Nacht dort stehen bleiben. Direkt davor befindet sich eine Straße und neben an ein Ferienhaus. Rundherum nur Wald. Man hat also seine Ruhe. Früh kommen jediglich ein paar Hundebesitzer und Radfahrer vorbei. ?
a3e8ca37-9977-4c5b-bdcc-dad4531c2186;10.546989;51.888988;Bad Harzburg - 8 Gestütstraße;Hinter dem Bündheimer Schloss befindet sich ein großer Parkplatz. Der geschotterte Platz liegt direkt am Schlosspark (Bach, Teich, Spielplatz). In ca. 2-300m findet man auch Einkaufsmöglichkeiten (Penny, Netto), ebenfalls in der Nähe auch eine Tankstelle, Post und Apotheke .Zur Stadtmitte sind es ca. 1,5km, Seilbahn: 3km. Zeitweise finden abends an Wochenenden Veranstaltungen statt. Dann ist der Parkplatz voll.
084a2425-0a5a-4e4c-a635-3718052fa893;10.442285;51.908136;Goslar - 3 Osterfeld;Ein Parkplatz wird auch als Ausstellungszentrum genutzt, das nur für Wohnmobile und kleine Fahrzeuge verboten ist
fe8ce7a8-1a69-4d1c-bc65-c4617530ee29;10.67023;51.760088;Wernigerode - 2 Mühlenweg;Toller Platz mit Bach für eine ruhige Nacht
084e9635-bcec-4959-a0b4-7c0028f2e240;10.300779;51.887852;Langelsheim - K35;Wanderparkplatz, sehr ruhig
cdba704b-bcd1-4308-b7a9-3a53ae739899;10.530358;51.622556;Bad Sachsa - ;Oben auf dem Ravensberg ist ein großer Parkplatz, der im Winter von Skifahrer genutzt wird. Im Sommer kann man dort locker eine Nacht schlafen. Mitten in der Natur. Es ist wunderschön dort.
b9b45c6a-ca68-484a-bf52-890a02bbb073;10.417561;51.910747;Goslar - Astfelder Straße;Für Wohnmobile zugelassener Parkplatz, kein Service, viel Platz, angenehme Umgebung, 1 km vom Zentrum entfernt. Geteilt mit Bussen und Autos. Etwas schräg.
23c049cc-ea0d-4052-8d38-2e1f1144ebf8;10.67568;51.75581;Elend - ;Schöner Ort mitten im Wald - weiter auf dem Weg am Fluss. Eng, aber für kleinere Fahrzeuge zugänglich.
410fea47-daac-47f1-af65-403aaf517ade;10.67695;51.73917;Elend - B27;Kleiner, halboffener Parkplatz. Für eine Nacht in jedem Fall ok. Tagsüber ordentlich laut (Verkehr), nachts ruhig. Schöne weite Wiese. Sehr nah zum Brockenaufstieg von Schierke aus.
c9ec90c5-b6e1-4223-93b9-528e7bd8c073;10.54239;51.89785;Bad Harzburg - 1 Deilichstraße;Parkplatz an einer Schule, ruhige Lage asphaltierte Straße.
25ec0d36-4fcc-46b6-9b06-6c88a2af4866;10.331128;51.901795;Langelsheim - 64-84 Am Borbergsbach;Wanderparkplatz und im Sommer Parkplatz des Freibades in der Nähe.  Am Ende der Straße, sehr ruhig
0a4d2544-bf60-4c63-b2f8-d904ba4b0c17;10.32241;51.62004;Herzberg am Harz - In den Birken;Sehr nah an dem Fluss Oder.  Bundesstraße ca 100 Meter entfernt aber gehr für eine Nacht locker. Radtouren und für Hunde sehr gut.
967a56fd-55d6-460e-9c44-ffbfaf6ccd55;10.551989;51.896976;Bad Harzburg - 5 Am Horn;Kleiner öffentlicher Parkplatz vor einem Friedhof, sehr ruhig, ziemlich flach, 2km nach Bad Harzburg
91eb0bdd-eafe-4279-b27f-7d83da657700;10.257023;51.874249;Langelsheim - L516;Wanderparkplatz an einer nicht überfüllten Straße nördlich der relativ flachen Straße. Keine Aussicht, kein Service. Verboten, nachts zu bleiben
64ac2158-ba4c-4498-b8b5-1e0059d602d3;10.376849;51.913378;Langelsheim - 2 Dr.-Lienke-Weg;Parkplatz an der Granetalsperre im Harz. Die Parkflächen sind leicht abfallend. Wir konnten ohne Probleme übernachten. Wandern Sie 15 km um den Damm herum.
e94a6c42-e567-468b-bcf8-125a9fd467a4;10.3051;51.897598;Langelsheim - K35;Grosse Wanderparkplatz mit Grill, vergessen Sie nicht, sein trockenes Holz für den Grill mitzubringen.
65edee52-ebe1-4c58-872d-47bc36ab99d9;10.333259;51.906393;Langelsheim - 13 Sonderstraße;öffentlicher Parkplatz vor einer Sportanlage, relativ eben am Waldrand. Guter Startpunkt für eine Wanderung um den ehemaligen Steinbruch. Optisches Highlight!
37f33d19-c66e-4b21-9751-59b8ee1c7750;10.6871;51.7439;Elend - 24 Hauptstraße;Gratis Parkplätze
aa8fe099-e260-4638-9f8c-ccbfe0e585f5;10.32924;51.61255;Herzberg am Harz - 5 Am Rötesumpf;Schöner Parkplatz am Ortsrand von Pöhlde. Das Eckerloch ist ein schöner Badeteich und in der Nähe ist ein großer Angelteich. Die Tankstelle wo es Backwaren gibt und einen Automaten mit Käse, Saft,Eiern usw. Aus der Region ist ca 500m entfernt. Für eine Nacht sehr zu empfehlen.
bd2bb1f3-d5c9-4db2-8f76-f0a4e52c6fec;10.688689;51.750994;Elend - L99;Forstweg Abzweigung ins Gruene
99a4954b-57cd-4c4b-8709-71942e92dad2;10.691051;51.74613;Elend - 14 Bahnhofstraße;Direkt am Bahnhof befindet sich eine sehr schöne öffentliche Toilette. Man benötigt 50 Cent Münzen um diese zu benutzen. Der Platz ist der Beste in Elend
0afeb8ef-3bac-4b6c-b87e-5f21af98f17b;10.657312;51.678786;Braunlage - B4;Stellplatz mit Grillhütte und Langlaufloipe. Man steht schön ruhig, ist von der Straße nicht einsehbar.Kein fester Untergrund
98787928-7b34-4967-8ada-f6365e34a2b3;10.324433;51.909487;Langelsheim - 2 Sonderstraße;Kleiner Parkplatz mit Blick über Wolfshagen. Ein Stück weiter ist noch ein größerer Platz
9d470e37-31ff-46aa-af04-1f976361e6d6;10.69362;51.74668;Elend - 5 Am Waldbad;Geschotterte Fläche neben dem Gleis der Harzquerbahn ohne Beschränkung - ab und zu fährt die Schmalspurbahn vorbei (sehr sehenswert)
7665afca-9784-4bdd-9dda-643d57e7d209;10.695;51.74596;Elend - 1A Am Waldbad;Ein Schild sagt ausdrücklich „Wohnmobile willkommen“! Im Waldbad gibt es zu den Öffnungszeiten Duschen, Toiletten. Der Bahnhof Elend ist nur wenige Minuten entfernt. Nur für absolut autake Wohnmobile geeignet!
1e4b7315-a596-4e73-95b6-92fbf79a92a1;10.39771;51.923817;Goslar - 3 Gut Riechenberg;Ein schöner Wanderparkplatz der ruhig an einem Kloster liegt. Er ist ebenerdig und hat genug Platz auch für große Wohnmobile.
4f1c505f-30c0-4cd0-8d7b-273d34eac8b8;10.233265;51.648307;Hattorf am Harz - 8 Angerstraße;Der Platz liegt am Dorfgemeinschaftshaus. Die Boden Beschaffenheit besteht aus Schotter und Gitter Steinen.
822800bf-0f67-4cec-9856-3a1c45a59e25;10.32305;51.91286;Langelsheim - 28 Im Tölletal;Im Ortsteil Wolfshagen im Harz: Kleiner Stellplatz für max. 4 Wohnmobile. Am einen netten kleinen Park gelegen. Allerdings auch nahe an der Ortsdurchfahrtsstrasse gelegen. Nachts aber wenig Verkehr. Lebensmittelladen , Bäckerei und diverse Restaurants fussläufig gut erreichbar. Bezahlen der Gebühr in der Touristinformation auch Fahrradverleih hier möglich.
1f3a1e4b-6d93-4296-a470-d8642e19c148;10.38349;51.924887;Langelsheim - 4 Am Nonnenteiche;Industriegebiet. Sackgasse. für eine Übernachtung oder mit dem Fahrrad nach goslar.
a538fef1-c59a-4b0f-ad3b-7410edc5e43d;10.53921;51.9137;Bad Harzburg - 8 Hackelkamp;Industriegebiet Bad Harzburg Nord, Goedeckekamp Am Abend und nachts ruhig
afa0e05a-d303-4cc2-b8fe-67b28cbaf5cb;10.224271;51.647614;Hattorf am Harz - 29 Mühlenwehrstraße;Parkplatz am Oderparksee. Ruhige Lage direkt am See, einem Grillplatz und einem Spielplatz. Wanderungen und Mountainbike-Touren sind von hier möglich.
d70e08b1-5c5a-4968-816b-66fce4140830;10.581084;51.618163;Walkenried - 13 Pfarrwiese;Wanderparkplatz am Herrenwiesental. von hier aus startet auch eine Fahrradtour entlang der alten Bahnstrecke bis nach Braunlage
efe6b4b4-2e78-4166-95c3-de782a7d08f3;10.297253;51.911688;Langelsheim - ;Parkstreifen an der Innerstetalsperre. Kein Verbotsschild für Übernachtung. Super Ausgangspunkt zum Wandern um die Talsperre, zum Radfahren oder um im See zu schwimmen. Super mit Hunden oder Kindern. Campingplatz mit Tretbooten und Restaurant fußläufig erreichbar.
8d9142a2-cd5f-4e94-9e2e-e74361f69e10;10.549203;51.603769;Bad Sachsa - Ostertal;Kostenloser Stellplatz (nur die Kurtaxe ist beim Tourismusverband zu entrichten) am Waldrand ohne Ver- und Entsorgung. Nachts gelegentlicher Verkehr, ansonsten ruhig. Guter Ausgangspunkt für HWN-Stempel, da fünf Standorte in der Nähe sind. Ein paar Minuten zu Fuß in die Stadt. Heißer Tipp: Day Spa im Hotel Romantic Winkel buchen und sich wohlfühlen.
538f8780-2752-4e40-acc4-6b1edc164b46;10.70994;51.75728;Elbingerode - ;Ruhige Nacht gehabt. Straße hört man fast gar nicht, kein Mensch weit und breit.
3b3256da-fc90-4688-8c71-51289f2309bc;10.517576;51.593249;Bad Sachsa - 1 Am Kirchplatz;In einem kleinem Dorf, direkt an der Kirche, Spielplatz direkt in der Nähe. Für Mobile bis max 7 Metern, Kleiner Dorfladen
57b38543-3996-46c4-8553-311780ceec00;10.693476;51.695271;Sorge - Ebersbachstraße;Parkplatz ohne Installation. Die Harzbahn fährt direkt daran vorbei. Vom Parkplatz kann man zum Grenzmuseum. Ebenso Starten von hier Wanderwege. Im Winter gibt es Loipen. Für eine Nacht ist es Ok.
f209dbed-654c-47ee-8469-c9e8e3b78f55;10.298998;51.916327;Langelsheim - 17 Innerstetal;Nachts  war es sehr ruhig. Platz ist für ca 10 Autos.  Ein paar Minuten Fußweg  und man ist am Wasser, wo auch das Baden erlaubt ist. für eine Nacht  war es ok
38358d01-b7ee-4eba-abc8-25c8587765fd;10.25577;51.61971;Hattorf am Harz - ;Parkplatz direkt an der B27
6a6bf0f8-91df-4581-85d5-cdab9ab426a8;10.184505;51.851528;Seesen - 1 Am Sweenhof;Parkplatz des Sportplatzes neben einer Grundschule. Am Ortsrand schön ruhig gelegen. Am Wochenende eine Nacht schön ruhig gestanden, da keine Schule.
50d2b2b3-0347-4081-bdb5-7d08c071c5f6;10.7236;51.743443;Elend - 1 Mandelholz;Ruhiger Hotelparkplatz. Bei Google auch als Caravanparkplatz bezeichnet.  See direkt neben dem Parkplatz.  Für eine Nacht definitiv in Ordnung
e66e25a4-e195-4381-9773-b87d70596137;10.70343;51.691926;Sorge - 13 Benneckensteiner Straße;Wanderparkplatz in der Nähe des Bahnhofs, nachts ruhig. Kein Service. Leicht abschüssig.
44b51e2c-d9da-47a3-92f1-79ac1aa5cdef;10.211861;51.885603;Seesen - 1 Granestraße;Gekennzeichnete Parkplätze direkt am Kurpark.
0d6fc8f0-953e-431f-8b79-7a77eead128c;10.309911;51.590978;Rhumequelle;Wanderparkplatz an der Rhumequelle. Eine der größten Quellen in Europa 
4efe7fbc-4fee-40d2-9f0f-bf1d714fd234;10.731513;51.770748;Wernigerode - K1354;Großer Parkplatz am Bahnhof der Harzer Schmalspurbahn "Drei Annen Hohne". Parkgebühr am Automaten von 8:00 bis 20:00 Uhr, wird für 24 h ausgedruckt. Keine Verbotsschilder für Camper. Ob Übernachtungen erlaubt sind, ist unklar, wird aber offenbar geduldet. Tagsüber mäßiger Fahrlärm von der nahegelegenen Straße, dem Bahnhof und den an- und abreisenden Touristen. Bei schönem Wetter hier spätestens um 10:00 Uhr. Für eine Nacht ok. Guter Ausgangspunkt für Wanderungen u. A. Zum Leistenfelsen und für Fahrten mit der Brockenbahn.
66f285fe-e236-4951-8ee9-c431245b362d;10.7311;51.744701;Elend - B27;Kleiner, gut frequentierter Parkplatz ohne direkten Blick auf die Staumauer. Ein Großteil des Parkplatzes liegt am Hang. Kein Wassersport möglich Schwimmen verboten. Viele Wanderwege in der Nähe. Königshütte / Harzdamm in Mandelholz Öffentliche Toiletten sind von April bis Oktober zwischen 08:00 und 20:00 Uhr geöffnet. Kein Mülleimer vor Ort. Ein Haus ist in Sicht.
e3726648-e24d-413f-b93d-6d517f4c1862;10.568987;51.591486;Bad Sachsa - 1 Sachsensteinstraße;ausgewiesene Stellfläche auf dem Edeka Parkplatz, ca. 1000 Meter in die Stadt, 100 Meter zu Edeka / Bäcker.
ae0617ef-19e8-4dd1-9119-1dd9d9d72d4c;10.62726;51.61409;Walkenried - 1 Schäferwiese;Schöner kleiner Stellplatz, direkt an einem kleinen Fluss, für kleine und große Wanderungen perfekt. Keine Schilder oder ein Verbot! Bitte Müll und sonstige Hinterlassenschaften mitnehmen.
5be7b5b3-e862-4fa1-9f3d-d29f263827ae;10.648089;51.894532;Bad Harzburg - 37 Blankenburger Straße;Wanderparkplatz an Ende einer Sackgasse/Wohngebiet direkt am Waldrand. Nicht ganz gerade... Für Fahrzeuge bis 6,00m-6,40m ok. Nur ein paar Meter neben der ehemaligen innerdeutschen Grenze.
b586d59d-87d3-4e68-befd-660c7fce8cc3;10.7211;51.696701;Tanne - 36 Bodetalstraße;Ruhiger, ebener Parkplatz im Ort, an der Bode. Schöner Ausgangspunkt für Wanderungen.
a83ba693-50c1-45b8-8067-b7487b4fd0c5;10.742105;51.771678;Elbingerode (Harz;Kostenloser Parkplatz, ohne Beschilderung, am Waldrand, Holzverladeplatz, durch eine Baumreihe von der Straße getrennt, 10 m breit, 100 m lang. Alternative zum nahen Parkplatz am Bahnhof der Harzer Schmalspur Bahn "Drei Annen Hohne". Durchaus in Ordnung für eine Nacht. Tagsüber je nach Saison und Wetter mäßiger Autoverkehr, nachts ruhig.
a546ea03-8ae3-4f4f-a0eb-4797fcfdef18;10.7326;51.809799;Wernigerode - Thumkuhlenstraße;Kleiner Schotter Parkplatz und Ausgangspunkt für Wanderungen. Liegt an einem kleinem Bach nähe einer Bundesstraße welche aber nicht so stark befahren ist. Mülleimer vorhanden.
992c91ad-694c-45b9-bbb0-536e51e3ac14;10.73907;51.79207;Wernigerode - L100;Waldparkplatz an Landstraße abgeschirmt durch ein paar Tannen.
456c11c7-fa32-4225-a7f0-68f18733af3d;10.71419;51.673305;Benneckenstein (Harz;Geschotterter Platz am Bahnhof Benneckenstein. Die Harzer Schmalspurbahn fährt in Sichtweite, Supermarkt fußläufig erreichbar, kein Service.
1937580c-5726-4747-a126-1a998538a1a5;10.708866;51.669336;Benneckenstein (Harz;Leicht abschüssiger, öffentlicher Parkplatz ohne Versorgung/Müllentsorgung. Kostenlos und ruhig, wenig frequentiert. Gut für einen Tag zum Wandern oder auch für eine ruhige Übernachtung.
5759619d-f06a-4c44-af2c-8a616d5b6967;10.716959;51.673622;Benneckenstein (Harz;Parkplatz am Bahnhof in Benneckenstein gepflastert und ungestört.  Enkaufsmarkt Norma 150 m entfernt
92f42cbc-2450-4277-8763-53f92bcf31bf;10.720643;51.680397;Benneckenstein (Harz;Ruhiger Wanderoarkplatz. Gut für eine Nacht.
3b67e218-ef4e-4b71-be6f-7763b22bc32f;10.734793;51.69446;Tanne - ;Heringsthal... ein Parkplatz ohne alles. 100 Meter von der Straße mit Bäumen umsäumt.
943b28f7-6676-4a21-aae0-f103de683d6d;10.777429;51.678007;Hasselfelde - 242;Netter ruhiger Platz zum wandern und für eine Nacht
fb6e9dbb-89e2-4b45-9a6b-32e51058cd38;10.74504;51.63514;Ellrich - ;Geschotterter Wanderparkplatz mit Schutzhütte. Wunderbare Aussicht. Direkt an einer selten befahrenen Landstraße. Nachts sehr ruhig. Ausgangspunkt für schöne Wanderungen. (Z.B. 5 Stempelstellen der HWN in Tageswanderung erreichbar.
88fa591c-e7bc-4417-b080-e61c787974da;10.747013;51.626187;Ellrich - B4;Schöner kleiner Parkplatz für 2 Mobile etwas versteckt neben der Straße. Ausgangspunkt für schöne Wanderungen zB zur alten Steinmühle mit tollen Felsformationen
9900c2f7-7ffa-43e8-b2af-ac67de0e6bd8;10.765094;51.738774;Elbingerode (Harz;Schotterplatz zwischen Fluss und Straße. Straßenlärm sicher auch nachts, aber keine Verbotsschilder. Keine Müllentsorgung, also bitte nehmt euren Müll mit!
1125d53d-c154-4cb2-b2b0-6c8a4b154731;10.789436;51.633297;Harztor - Dorfstraße;Öffentlicher Parkplatz ohne jeglichen Service, dafür sehr ruhig in der Nacht. Nehmt Euren Müll bitte wieder mit, dann sollte es auch weiterhin keine Probleme geben. Bahnstation der HSB ca. 1,5 km entfernt, tolle Ausgangsstation für Wanderungen und Radtouren.
ec5603f1-8168-4600-a134-60b00ce828d5;10.665757;51.603422;Parkplatz Stadtwald Ellrich;Kleiner, ruhiger Wanderparkplatz, ideal für eine ruhige Nacht und eine Wanderung am nächsten Tag. Keinerlei Infrastruktur!
b9b2097d-8b63-4a7b-af47-b79ea28c54a1;10.832648;51.661841;Hasselfelde - 81;Parkplatz an der B81. Kostenlos mit Sitzbänken und Tischen. Gut zum übernachten geeignet. Kein Service
3cfef970-ca0d-47a3-98ad-1c4ecbda2722;10.837195;51.679026;Hasselfelde - 3 Am Waldseebad;Langgezogener, kostenloser Parkplatz gegenüber vom Waldseebad Hasselfelde. Von hier aus könnte man wandern, eine gute Pause einlegen, gegenüber ist ein Teich. P liegt an der B81 ( ob das Waldseebad noch geöffnet wird, war nicht ersichtlich )
2c3a87ba-69d7-44bf-8528-7dd56ccc208a;10.795987;51.612336;Harztor - B81;Großer Parkplatz, man steht hier alleine, LKWs wenden oder machen hier Pause, direkt neben der Bundesstraße, Flüsse und Wanderwege zu allen Seiten
2da7c23a-52b9-4ac4-81a5-1797ef54a849;10.843684;51.697893;Hasselfelde - Unnamed Road;Wanderparkplatz Murmelbachtal an der Rappbode mit vielen Wanderrouten rings um die Rappbode. haben hier eine ruhige Nacht ohne Probleme verbracht.
02d63a69-6bba-4d2e-8de2-078f63d4cd42;10.81994;51.62453;Hasselfelde - ;Einfahrt zu einem Steinbruch. Wir standen von Freitag zu Samstag. Da war es sehr ruhig. Ob man in der Woche den Steinbruch hört oder LKWs die Plätze nutzen, können wir daher nicht beurteilen. Sehr schöner Platz für eine Nacht.
b8c80dc8-1b9a-4976-bf13-6a085e3e7495;10.79137;51.603151;Harztor - 6 Netzkater;Parkplatz neben dem Forstamt,Zufahrt von B81 Ausschilterung Besucherbergwerk Rabensteiner Stollen. Hier ist auch der Haltepunkt der Harzer Schmalspurbahn mit Gaststätte.
bc454f47-cf2f-4892-827c-eec647eff421;10.73425;51.58054;Wohnmobilstellplatz Appenrode;Gebührenfreier Stellplatz auf überwiegend ebenen Untergrund mit Schotterrasen. In der Nähe ausgewiesene Wander- und Fahhradwege, Naturdenkmale Am Platz: WLAN, Strom, Hunde erlaubt, ganzjährig nutzbar. Für die Übernachtung und Strom etc .kann eine Spende durch den Schlitz, für die Weiterentwicklung und Erhalt das Platzes. Es ist derzeit keine V/E möglich!Zufahrt ist flach um das alte Gebäude herum. Bitte die Stellrichtung beachten.
8925de76-b3ad-4278-8267-d02bef54d0e5;10.830021;51.746481;Elbingerode (Harz;Ist nah bei einer Kläranlage hinter einem Hügel (der Wind darf nicht aus Westen kommen). Dafür entschädigt in den Abendstunden der Bodennebel,der fast täglichen mystisch zu sehen ist.
cb66538d-b49a-4f62-b538-032334f864e0;10.60764;51.59153;Walkenried - 7 Nordhäuser Straße;Die bisher am Ort bekannten Plätze sind nicht so optimal. So habe ich diesen Platz gefunden in einem Wohngebiet. Ebene Fläche, ausreichend für 5,99m, kein Verbotsschild.
4bf9ef2d-6372-456a-acdf-b16d084c6167;10.866531;51.705814;Hasselfelde - B81;Sehr schöner Platz in einem Feld. Tolle Aussicht und niemand außer vielleicht einem LKW-Fahrer. Soweit mir rechtlich bekannt ist, ist nichts verboten. . Hoffe dir gefällt der Ort :)
2b22a400-b652-4ca5-affc-f7aa76d5d039;10.786046;51.586652;Harztor - 14 Johann-Kleinspehn-Schanze;Wanderparkplatz mit Waldboden/teilweise Kopfsteinpflaster am Ortseingang Ilfeld. Zwar direkt an der Straße, trotzdem schön grün und guter Ausgangspunkt für diverse Wanderwege, u.a. zum Freibad (in 1,2 km). Achtung, die Harzer Schmalspurbahn kreuzt mehrmals täglich den Bahnübergang direkt am Parkplatz, das ist etwas laut!
bf1f74ea-2e18-4bcb-afba-0736bebd49ef;10.623356;51.583205;Walkenried - 3 Schützenstraße;Privatgelände der Schützengesellschaft!Platz wird und ist Videoüberwacht!
64c29519-b13f-4307-8c0c-010a24884328;10.620733;51.582008;Walkenried - 5 Klosterweg;Parkplatz am Kloster Walkenried, ohne Service aber sehr schön ruhig. Mehrere Gaststätten befinden sich in der Nähe. Bis 22h darf mit Wohnmobiles geparkt werden.
a059d495-cdfc-4a0e-8551-4cb414f04394;10.607763;51.582536;Walkenried - L603;Schoner platz am See. Mit meinem minicamper tolle Nacht verbracht.
8c68ff27-abd4-49a2-8684-70bc0b015293;10.791433;51.77926;Elbingerode (Harz;Schöner Parkplatz im Wald und sehr nettes Restaurant um die Ecke..
0339217a-081b-4ac2-933e-940d17083055;10.882553;51.660552;Stiege - 45 Lange Straße;Am Bahnhof in Stiege, es ist wohl geduldet hier zu stehen. Sehr ruhig, am Tag fährt die Selketalbahn alle Stunde vorbei.
4a468435-3621-474b-a754-c3fa77b14e84;10.886045;51.665787;Stiege - 1 Teichstraße;Parkplatz ohne Beschilderung oder Beschränkungen. Wir haben im Schloss gefragt und für diese Stelle gibt es keinerlei Probleme - Gäste im Städtchen Stiege sehr herzlich willkommen!
0876085d-5bf3-41a5-a252-6acbf20d53d8;10.88734;51.66034;Stiege - Unnamed Road;Blick über den Ort Stiege ( Kirche und Schloss) und beide Seen. Nach kurzem Spaziergang Richtung Bahnhof erreicht man die Stabkirche Stiege.
c779b852-a506-45e0-b91a-b788718ba02d;10.861018;51.747987;Elbingerode (Harz;Sehr schöner Platz für 1 Nacht. Sehr ruhig.
3a7d8611-fa42-42b9-a496-3824b217c421;10.897875;51.673447;Stiege - L95;Großer, unbefestigter Parkplatz am einer Straße, die nachts kaum befahren ist. Schöner Ausgangspunkt für Wanderungen.
02719e8d-5112-466a-bbd3-d258ce067cf1;10.868713;51.747124;Elbingerode (Harz;Entspannter Ort in der Nähe des Damms. Die Umgebung lädt zu kurzen Spaziergängen ein.
be3409bc-500f-4b6b-b7e0-4157df7873f4;10.89076;51.726151;Hasselfelde - ;Toller Platz an dem sich Fuchs und Hase gute Nacht sagen. Sind im Dunkel angekommen und haben die Ruhe und den Mondschein genossen. Morgens nach dem  Wachwerden und Frühstück konnte man die schöne Natur genießen und unweit von dort fussläufig den tollen Ausblick zum Brocken. Ich habe dann noch die Hinterlassenschaften ( Papier und anderen Müll) den Touristen dort hinterlassen haben eingesammelt. Auch wenn es nicht viel war aber trotzdem mache ich das gerne an jenen naturnahen Plätzen um der Natur somit danke zu sagen für diese tolle Nacht! ?
ce920de2-c234-4259-93f0-7b3847052684;10.895798;51.721783;Hasselfelde - 1 Stemberghaus;Parkplatz des Köhler-Museums (traditionelle Holzkohleproduktion). Tagsüber Restaurant mit Toiletten für 50 Cent oder als Gast. Ruhig mit genügend Platz. Ausgangspunkt für einige Wanderrouten.
b9bf2eb4-c970-47c0-98ff-6d94f756139d;10.57817;51.57503;Bad Sachsa - 10 Am Kranichteich;Kleiner Parkplatz am Teich.
a5c3a04d-9338-4d4d-847a-412e89d8e6e9;10.87527;51.75195;Elbingerode (Harz;Schöner großer Parkplatz der kaum genutzt wird. Direkt am Fluss von einem ruhigen Dorf. Geeigneter Ausgangspunkt für Wanderungen.
14790363-803e-4227-a803-3442f561cb2b;10.817261;51.788203;Elbingerode (Harz;Parkplatz am Schaubergwerk Erzgrube Büchenberg.  Betonparkplatz am Schaubergwerk, keine Versorgungseinrichtungen. Wir haben hier lediglich gefrühstückt, jedoch standen neben uns zwei Bullis die scheinbar hier übernachtet haben. Ein Besuch im Schaubergwerk ist sehr empfehlenswert und interessant. Am Eingang gibt es einen Imbiss und das Bergwerk selbst darf mit Hunden betreten werden und ist wohl auch barrierefrei. Die Mitarbeiter sind sehr nett und beantworten gerne alle Fragen.
590ab4a4-b660-46e2-aecf-03543dd0483b;10.887763;51.742856;Elbingerode - ;Parkplatz der Harzadrenalin-Hängebrücke ZipLine und Aussichtsturm. Stellplatz ausgeschildert, Stellplätze nicht markiert. Toiletten sind zugänglich.
6747572d-519a-47da-b685-927c6b04eace;10.737;51.814098;Wernigerode - L100;Kleiner Schotterparkplatz kurz vor Wernigerode. Gut für eine Übernachtung. Direkt an einer Landstrasse. Ausgangspunkt für Wanderungen
47cf2f67-0274-41ac-9765-47fc7b9292d4;10.828759;51.569703;Neustadt/Harz - ;Parkplatz am Freibad. Leider ist das Übernachten mit Wohnmobil verboten. Ausgangspunkt zur Wanderung zur Burg Hohnstein. 4 G per Vodafone. Enge Zufahrt über kleine Brücke mit max. 7.5 t.
37545740-1efa-478b-b5be-7f5ae3379686;10.8738;51.763802;Elbingerode - B27;Kostenloser Parkplatz mit Zugang zum blauen See. In unmittelbarer Nähe ist die Bundesstraße 27 und eine Bahnlinie. Der kurze Weg zum blauen See ist schnell gelaufen und man hat einen schönen Ausblick auf den See. Baden ist dort möglich.
83ceb8f2-ec58-436c-badb-f347442797f7;10.729618;51.818571;Wernigerode - Bielsteinchaussee;Wenn alle Wanderer weg sind ist man hier ganz alleine. Morgens zum Frühstück begrüßt einen sie Brockenbahn. im Kalten Bach kann man sich herrlich waschen. Absolut ruhig und idyllisch.
5a46f510-4765-411a-a897-cae11899c1ee;10.77143;51.54605;Harztor - 4C Kirchberg;Parkplatz des örtlichen Freibades. Schotterfläche, direkt neben dem Gelände des Bads. Gegenüber Wohnhäuser. Keine Verbotsschilder. Auch für größere Fahrzeuge geeignet. Zufahrtsstraße könnte allerdings etwas eng werden. Für uns (7,41m) ok. Übernachten zumindest außerhalb der Saison möglich. Wir haben eine Nacht im Oktober verbracht, die sehr ruhig war.
16647b67-1d0e-49c6-bc98-bbeae9855d31;10.732466;51.820255;Wernigerode - Bielsteinchaussee;Platz für ein Camper bis 6m direkt vor gesperrter Brücke. voll schattig, direkter Bachzugang zum waschen und abkühlen. Nacht kein Verkehr. Ab morgens geht es  erst los, Wanderer, jogger...
b3375fd9-b7e8-40b5-9bb2-1eb2ac30e24f;10.80254;51.807433;Wernigerode - B244;Wanderparkplatz Nähe Wernigerode. Mit Picknickbank und kleinem Bach am Platz. Wanderwege und Fahrradwege gehen von hier los. Straße ist weit genug weg, daher sehr ruhig. Kein Daten - oder Netzempfang. 
cc4ac063-00d1-4475-9022-d7d5a1b1ad02;10.75366;51.535435;Parkplatz Gedenkstätte;Parkplatz am der Gedenkstätte Dora Mittelbau, nicht wirklich für Große Wohnmobile geeignet aber wenn wenig Besucher da sind ist Platz genug. Ansonsten muss man weiter vorne Parken.
03e836a1-6d78-40f4-91e6-3c22ad816863;10.926648;51.730121;Thale - 1 Ludwigshütte;In Altenbrack links über die Brücke dann nach rechts 500 Meter bis zur Forellen Zucht.  Am Tag gut besucht aber Abends ist es ruhig. Die Bode direkt davor ... super
dc65fa82-71fa-45b3-93d0-d6e16e6d5528;10.673484;51.531163;Werther - Günzeröder Hagen;Der Schotterweg gegenüber ca 100m, vor den ersten Bäumen ist ideal, waren zum Übernachten. Tolle Aussicht, absolut ruhig ( Ostersonntag )
f9d53bda-5d60-4a06-ba94-aac14b0096b8;10.76268;51.82682;Wernigerode - 114A Friedrichstraße;Einfaches Parken an der Hochschule Harz. Nur für kleine Fahrzeuge geeignet, ruhiges Parken. Die Kaffee- und Snackautomaten der Hochschule können genutzt werden.
69263fa1-5671-4914-bbd2-c0a725eb39d0;10.9421;51.7258;Stellplatzplatz Bodewiese;Stellplatz liegt zentrumsnah | sehr ruhig | 299 m ü. NN | Standflächen eben | mit Verbundsteinen befestigt | am Rand eines PKW-Parkplazes, Stellplätze parzelliert in Wohnmobilgröße | Schatten durch Bäume am Rand | für Reisemobile reserviert |  Beleuchtung | keinerlei Infrastruktur für Wohnmobile | Fernsehempfang per SAT | 4 Picknickplätze | 5 Minuten Fussweg bis zum Freibad | 50 Cent-Münzen werden für die Toilette benötigt  Parkgebühren und Kurabgabe zahlbar mit Münzen am Automaten.
5810c033-235d-4836-b09d-f7829929e2fe;10.801637;51.824751;Wernigerode - 27 B244;Ruhiger Parkplatz. Sehr eben, kaum schräg. 15 Minuten Fußweg in die Stadt oder auf das Schloss. Auch eine Wander Tafel für Touren im Wald ist nebenan aufgestellt.
94901400-97c8-4173-8968-768e2754f1a9;10.795952;51.827109;Wernigerode - 1 Mühlental;Parkplatz für alle Fahrzeuge in der Nähe der Fußgängerzone.  An Werktagen von 8 bis 18 Uhr mit Parkscheibe 1 Stunde kostenfrei parken. Danach von 18 bis 8 Uhr und an Sonntagen und Feiertagen ganztags kostenfreies parken.
48c27354-36bd-4b72-8335-e1dc6c70991c;10.907335;51.773862;Hüttenrode - Alte Blankenburger Str.;Sehr ruhiger Platz, umgeben von Wald, hinter dem Friedhof. Platz für 5-6 Wohnmobile.
eb8a672b-c424-4781-95de-d5570b46155d;10.719127;51.841005;Ilsenburg (Harz;Offizieller gebührenpflichtiger Stellplatz mitten im Wald, ohne jeglichen Service. Platzwart sehr nett.
5797b2c6-2970-4932-bbed-659df7201df5;10.95172;51.723022;Thale - L94;Parkplatz direkt neben der Straße und oberhalb der Bode. Wenig Verkehr, aber sehr idyllisch mit dem Rauschen des Baches. Nur zum Übernachten, dafür aber schön.
792ea8f4-5647-42fd-9f3f-0166f9bad17d;10.723718;51.842258;Ilsenburg (Harz;Parkplatz des Tennisplatzes. Keine Ver- und Entsorgung möglich, kein Strom. Dafür extrem ruhig.
23d7b740-018a-4fc5-b604-d944d7feebfa;10.94576;51.738;Thale - L94;Parkplatz am Hasenteich. Kleiner Parkplatz für Max. 2 Wohnmobile bis ca. 6m Länge. Der Platz liegt direkt an einer mäßig befahrenen Straße. Schöner Blick auf den Teich, insbesondere solange die Büsche noch kein Laub tragen. Der Teich ist zum Baden nicht geeignet.
ba1b34e9-de9d-41f7-a897-f4e9e32ad538;10.723365;51.842619;Ilsenburg (Harz;Sehr ruhige Nacht gehabt. Für Wohnmobile sind lange Parkbuchten an der Straße. Optimal für 1-2 Nächte
73d740e6-0d41-453d-ab2e-6957828c73e4;10.77872;51.5233;Nordhausen - 14 Harzstraße;Super Platz! Habe am Fluss mit meinem Camper gestanden! Einfach toll!
41c20b58-519c-4913-ae0c-cd7fc2cccb4d;10.78746;51.83592;Wernigerode - 20 Johannisstraße;Kleiner Parkplatz mit Schlossblick. Sehr ruhig und nahe der Altstadt. Exzellent!
78ee44e5-782c-4691-aa44-6c8c53cb39fb;10.91155;51.78134;Blankenburg - ;Sehr schöner idyllischer Platz, zwischen Straße und Bahngleisen aber trotzdem sehr ruhig.
8bd84c99-fe02-4c36-886a-a29a654a6863;10.801053;51.833562;Wernigerode - 40 Am Lustgarten;Ruhig gelegener und flacher Parkplatz. Gut 1-2 Nächte. Am Rande der Stadt. Nur Morgens ein paar Autos.
0e676a82-9d00-460d-8476-a53d4868bcb0;10.801773;51.833777;Wernigerode - 40 Am Lustgarten;Parkplatz am Fuße des Wernigeroder Schlosses , guter Telefon und Daten Empfang , Mülleimer vor Ort , Ausgangspunkt für Wanderungen , Ruhe pur direkt am Klostergarten ( Lustgarten )
1c4357af-b81e-4e6c-a075-2ef0bbbba20e;10.807876;51.83295;Wernigerode - 3 Lilienweg;Grosser Parkplatz ..sehr ruhig..kein Service
86708011-49fe-4a06-a99c-0a7fca166a62;10.78692;51.8396;Wernigerode - 7B Feldstraße;Wernigerode, Feldstr.12 : Auf dem Parkplatz einer Schmiede kann man gegen Gebühr stehen. Blick auf den Dampflokschuppen und das Schloss Wernigerode. Der freundliche Besitzer gibt Ihnen gerne Auskunft darüber, was Sie wie und wo finden können. Da es sich um einen reinen Parkplatz handelt, gibt es logischerweise keine Duschen, Strom oder sonstiges.
f0369ee1-e2e2-4f84-9f83-7bab28435611;10.78459;51.84049;Wernigerode - 13 Im Stadtfelde;Netter ruhiger Parkplatz an einer Kleingartenanlage
5b6e94b6-0316-42c5-a532-3836ff36ad23;10.751809;51.845738;Wernigerode - 1 Auerhahnring;Ruhige Sackgasse hinter der Brauerei. Kein Wendehammer. Eben und asphaltiert.
d595f97e-8c4f-4c5d-90d7-9a40941c076f;10.76404;51.8443;Wernigerode - 6 Am Bruchanger;Abgelegene Straße, ideal zur Wiederherstellung der Fahrtüchtigkeit, ein anderes WoMo kannte die Stelle auch.
24dac439-5829-4b82-b27c-1548f1e4ab2c;10.882794;51.551482;Herrmannsacker - 2 Sägemühle;Sehr ruhig gelegener Stellplatz ohne Versorgung Mit Blick ins Tal
099ec52a-2e58-4243-bcf1-e8f7d30eda16;10.970649;51.717667;Thale - 2 Halde;Gebührenfrei und wunderschön gelegen, direkt an der Bode. Nicht für Fahrzeuge mit Überlänge geeignet. 
ed13d1d8-0045-4791-9b59-aac40e31764c;10.9587;51.61261;Südharz - ;Großer Holzarbeitsplatz mit Aussicht.
e94a8ed6-6ca8-46d5-824b-13af41b9711c;10.974933;51.716241;Thale - 24 Ortsstraße;Großer Parkplatz an der Bode und am Kreisverkehr. Mehrere Restaurants in der Nähe. Sehr gemütlich.
951f0379-abec-4d72-a4bb-41e5b7da9fe2;10.981385;51.679424;Thale - L95;Parkplatz an einem kleinen Teich. von hier aus gute Anbindung an einige Wanderwege. Nachts sehr ruhig.
ecfaefe7-0ab3-443d-9e0c-269d7b530601;10.79082;51.51074;Nordhausen - 10 Gehege;Mitten im Grünen auf dem Gehegeplatz liegt ein sehr schöner ruhiger Wohnmobilstellplatz. Gastronomie vor Ort ist vorhanden. Fussläufig ist man in 10 Minuten in der historischen Altstadt oder kann direkt zu Radtouren um Nordhausen oder den Harz durchstarten.
f1b2528f-7768-45f0-a57d-30736c83c67c;10.78513;51.50408;Nordhausen - 42 Grimmelallee;Parkplatz in der Nähe des angrenzenden Schwimmbades. Nur gegen die Nutzung des Schwimmbades. Der Pool verfügt über drei Schwimmbereiche. Eines ist ein wunderschönes Jugendstilgebäude aus dem Jahr 1907. Bei der Nutzung des Schwimmbades ist das Parken im Preis inbegriffen (5 € pro Nacht). Der Standort war auch für große Wohnmobile geeignet.
7753354c-e9a9-4032-ba35-0428cbe8833a;10.913309;51.807969;Blankenburg (Harz;Großer ruhiger Parkplatz am Kloster Michelstein, beleuchtet, mit Müllentsorgung in schöner landschaftlicher Umgebung. An einem Bachlauf gelegen, mit Blick auf Gaststätte Großvater und Burgruine Regenstein. Möglichkeit beim Klosterfischer geräucherten Fisch zu kaufen. Haben eine ruhige Nacht hier verbracht.
cae200ba-3838-4c16-8c84-9da51bb20d71;10.946088;51.576256;Südharz - Rittergasse;Kostenfreier Parkplatz in der Nähe des wunderschönen Ortskerns. Die Plätze liegen am Bach Lude und sind gepflastert. Sehr ruhig und gut gelegen.
aed71a06-2c9f-4324-8871-fdeb7bc60e09;10.79143;51.50073;Nordhausen - 7 Königshof;Schotter Parkplatz. Kostenlos nahe der Altstadt.
5ec61336-30cf-42a3-8785-6e9fe93646c7;10.902592;51.820514;Heimburg - K1347;Parkplatz an Landstraße Wenig Verkehr (standen von Samstag auf Sonntag dort), abends ein paar Jugendliche aber ab 22 Uhr war es sehr ruhig. Direkt daneben wunderbare Aussicht über Heimburg und Blankenburg bis hin zur Ruine Regenstein. Traumhaft um den Sonnenuntergang zu beobachten.
3656817f-b28a-4821-a0c2-f6a296db1d06;10.80346;51.50282;Nordhausen - 40 August-Bebel-Platz;Der Parkplatz liegt im Zentrum von Nordhausen und ist auch für große Wohnmobile geeignet. Die Lage ist sehr praktisch. Straßenbahn und Bus sind in unmittelbarer Nähe. Einkaufszentrum, Banken, Kaufhaus auch.
e5c63c83-602b-441c-8728-dff840bb2f9c;10.953762;51.785869;Blankenburg (Harz;Sehr schöner ruhiger Platz in der Nähe des Schlosses ohne Versorgung. 15 Minuten zur Stadt
bf9cca1d-15ad-43ad-9c59-e5450ebac072;10.89635;51.534227;Herrmannsacker - L1037;Einfache Wiese mit schöner Aussicht auf die Talsperre und das bergige Umland. Tagsüber viele Angler vor Ort und recht stark befahrene Straße in Hörweite, Nachts quasi kein Verkehr. Viele Stellmöglichkeiten auf der gesamten Wiese.
6903b359-a877-410d-88fc-90792708a0f7;10.92978;51.81003;Blankenburg - ;Großer, befestigter Aussenparkplatz, mit Sonnen/Schattenplätzen, für das Kloster,mit Busshuttle. Fußläufig sind Supermärkte zu erreichen. Umgehungsstraße mit wenig Verkehr. Nachts sehr ruhig.
bb0c3825-8b1a-40b4-a595-5d1cfbeb8995;10.96314;51.57586;Südharz - 3 Zechental;Süßer kleiner Parkplatz direkt am Bach in Sichtweite von Schloss Stolberg. Begrenzter Wenderaum und Straße ist eine Sackgasse.
3e396949-e2ae-4636-8f68-71c4cde649e1;10.960689;51.788724;Blankenburg (Harz;Kleiner Parkplatz mitten in Blankenburg schöner Ausgangspunkt für Wanderungen oder zur Stadtbesichtigung  nur Strom kein v/e!  Wasser gibt es unten am Kiosk für einen Euro.   HWN 76 in unmittelbarer Nähe 74 auf sehr schönem Weg erreichbar
adbdbb5a-40db-4b1a-bc77-ecd36ea3d1e6;10.9567;51.566101;Stolberg - 2A Thyratal;Parken vom Bahnhof aus, um eine Nacht zu verbringen oder um Stolberg zu besuchen, was einen Umweg wert ist. WC und Grauwasser Entsorgung. Kostenlos.
7e08e3c1-abc4-41c8-810a-4ce465c0020c;10.785013;51.490801;Nordhausen - 56 Straße der Einheit;Sackgasse  ohne Wendemöglichkeit am Rande eines GWG. Nur zur Zwischenübernachtung oder einer Pause. Es ist sehr ruhig und sicher. Ansonsten ist nichts in unmittelbarer Nâhe. Leider etwas vermüllt. Die Sackgasse wird auch gern von LKW s genutzt zum abstellen bzw. für ihre Lenkzeitpausen.
f05d9261-133a-4aff-8d42-c42028a8b546;10.958366;51.563608;Südharz - 5c Thyratal;Parkplatz des Freizeitbades Thyracrotte
e3564833-2642-45ed-b8ac-353b2e6443c3;10.980371;51.775677;Cattenstedt - Unnamed Road;Übernachtungsmöglichkeit in der Nähe einer Landstraße. Etwas Sichtgeschützt durch Bäume und Sträucher. Schöner Blick auf angrenzende Felder und Hügel. Für eine Nacht okay.
57e5d5ce-c041-43da-a9fb-a82499255ddf;10.943;51.80989;Blankenburg - ;Großer Schotterparkplatz mit zwei Mülleimern. Wanderparkplatz zur Burg und Festung Regenstein. Es gibt allerdings noch einen näheren Parkplatz, wenn man zur Burg wandern möchte.
c8821b64-4d3e-410d-b448-11071e617125;11.006042;51.744608;Wienrode - ;Wanderparkplatz. ruhig gelegen
3652e792-90bb-487f-95db-a05592a3c5f6;10.940703;51.814963;Blankenburg (Harz;Tagsüber sehr voll und dicht an der Straße.
73493a8c-366f-426e-a96f-9469495c7b1d;11.18935;51.598973;Königerode - Mühlweg;Kleiner Parkplatz an einem See.
711ba48d-b0ce-4b95-b53d-31960f27914b;11.20674;51.566104;Sangerhausen - 2 Talsperre;Kleiner Parkplatz an der Staumauer. Nur für kleine Camper / Kastenwagen bis 6,5m geeignet . Schmale 5km Zufahrt aus Richtung  Wippra. Kein Funknetz
cfb0173f-d3a3-4cbc-8ba5-e53850f74ee4;11.206023;51.563961;Sangerhausen - 2 Talsperre;Der Platz ist für max. 4 Fahrzeuge geeignet. Zufahrt begrenzt auf max. 3,5 Tonnen. Untergrund ist Wiese. Kein Handyempfang und kein Internet! Absolut ruhig in der Nacht. Am Tage wenige Wanderer auf dem Weg zum Harzer Naturistenstieg.
fff42352-48ad-4116-ae00-4d0262d40a95;11.140593;51.642102;Harzgerode - Wallstrasse 44;Parken für AC. Kostenlos. Ohne Dienste Es gibt eine Toilette, aber sie waren geschlossen. 4 Wohnmobilstellplätze sind ausgeschildert. kostenlos
5645539e-968f-45a1-b3b8-30d6aa9db0c8;11.257904;51.568177;Sangerhausen - 21B Eckardtstraße;Parkplatz an der neuen Hochwasserschutzanlage. Anlage ist fertiggestellt und keine Baustelle mehr.
6ec3e411-5de7-4340-9602-96292981524b;11.13881;51.651654;Harzgerode - 31B Mägdesprunger Straße;Heute unser Ausweich Platz, da der Parklatz ein paar hundert Meter weiter z.Z. nicht erreichbar ist(Straßenbau Arbeiten). Keinerlei hinweise zur Park Regelung.
6b083b1d-ef35-4ab8-8110-70aadaf900fe;11.282496;51.579616;Sangerhausen - 29 Wippraer Bahnhofstraße;Parkplatz für eine Nacht. Sehr ruhig.
eb399df1-2c27-4015-83e5-f233821de43c;11.123157;51.646545;Harzgerode - ;Toller Ort zum Übernachten. Wir hatten hier eine sehr ruhige Nacht hinter einem kleinen Felsen. Am kleinen Bach dicht am Wald.
6f5df1a3-fcd3-4549-a019-efc0da32dda3;11.136073;51.657792;Harzgerode - Mägdesprunger Straße;Schöner Platz am Eingang von Harzgerode. Auf einem Wanderparkplatz gelegen mit direktem Wald und Feldzugang
530e9802-befb-4b28-a5fd-7271826691d4;11.191643;51.674218;Harzgerode - 1 Selkemühle;Parkplatz an der Selkemühle mit Übernachtungsmöglichkeit. Am Ende einer Sackgasse gelegen. Guter Startpunkt von Wander- und Radtouren. Parkplatz sehr ruhig.
1f477f75-21d2-4990-a56e-78d7d7838c34;11.11397;51.6477;Harzgerode - 5 B185;Parkplatz, Tag & Nacht kostenlos. Keine Einschränkungen. Direkt am Bahnhof der HSB: nachts kein Zugverkehr u am morgen kann man die einfahrende Bahn/Dampflok direkt sehen. Parkhäfen für PKW bis Campervan. WoMo passen nicht. Tagsüber eher voll, nachts idR leer. Liegt zwar an Bundesstraße, nachts aber kaum Verkehr! Mülleimer vorhanden.
c44a191b-9bfe-4b3f-84c4-d518baf43c2b;11.09127;51.62845;Harzgerode - 3c Kreisstraße;Ein schöner und ruhiger Stellplatz direkt neben einem Spielplatz und Sitzgruppen. Perfekt für eine Übernachtung im Auto. Ein Wohnmobil dürfte auch gut Platz haben.
032a566f-4375-451d-beb5-c835c1bea66a;11.241916;51.531173;Sangerhausen - L232;Ruhiger Wanderparkplatz ohne Strom, keine sanitären Anlagen, gebührenfrei. Ausgangspunkt für Wanderungen und Fahrradtouren.
35fb81e8-1f80-4da2-9e55-25f53cac9306;11.068646;51.58494;Südharz - L234;Kleiner Parkplatz am Rande der Landstraße. Schattig und eben, für eine Pause gut geeignet. Übernachten wurde nicht ausprobiert. Keine verbotsschilder.  Könnte bei Regen etwas matschig werden.
a1fbaa1f-34ab-4171-8d8d-90b9bb542eca;11.28339;51.67796;Falkenstein/Harz - 3 Gartenhaus;Quedlinburg
2fb98fa0-f505-4c92-b03d-0dfb751fdb6b;11.101461;51.550324;Sangerhausen - 6 Wolfsberger Pfarre;Kleiner Stellplatz am Freibad mit Stromsäule.  1kwh = 50 cents  Zufahrt etwas eng, Mobile über 7,5m dürfte schwierig werden.
7938331c-6f7e-4a88-85d7-fb79ec7136cf;11.285069;51.678867;Falkenstein/Harz - K1344;Burg Falkenstein im Harz. Am Tag zahlt man drei Euro, nachts steht man kostenlos bis 9.00 Uhr. Es gibt einen Spielplatz und Mülleimer. Am Tag kann man für 0,50 Cent Toiletten am Platz nutzen. Ruhig in der Nacht und perfekt um am Tag die Burg zu besuchen.
1305b02b-60b9-42a0-8260-1e1c7afc54da;11.059777;51.612767;Straßberg - Glasebacher Weg;Bergwerksmuseum "Grube Glasebach"! Sehr schönes Museum "Unter Tage" mit sehr freundlichen Betreibern. Privater Verein. Größerer Parkplatz, Tags über gut besucht. Übernachtungs Erlaubniss war kein Problem, haben sehr ruhig gestanden, und am nächsten Tag die Führung mitgemacht.
26a3dbee-0030-4d4e-9579-f954850f846a;11.06021;51.594893;Südharz - L235;Grosser Parkplatz mit Schotter, durch Bäume von der Straße getrennt, nachts ganz ruhig, tagsüber steht hier eine Gulasch Kanone. Für eine Nacht perfekt!
c950cdb2-35e9-4814-8509-ebcdfc55ca55;11.051829;51.613242;Straßberg - 104A Weidegasse;Ruhiger Parkplatz mit Blick auf Straßberg.
89202e2f-297f-43ff-b9df-725d1497f2ff;11.32711;51.56129;Sangerhausen - ;Schöner kleiner Platz mitten im Wald an einem kleinen Teich. Dort befinden sich 2 Sitzmöglichkeiten ein Abfalleimer und ein kleiner Teich. Tags über kaum Verkehr und Nachts keiner. Der Platz reicht für 2 Große Womos. Sehr gute Möglichkeiten zum Wandern und Radfahren.
e5c3db78-edb7-4aaf-8049-3802545d8cb2;11.259823;51.522199;Sangerhausen - L232;Gutes Platz für eine Nacht. Sehr ruhig kaum Verkehr.
440059b0-59bd-4bee-b209-aad202765806;11.311423;51.538571;Sangerhausen - Harzstraße;Kleiner Waldparkplatz, direkt an der Strasse gelegen. Trotzdem sehr ruhig da in der Nacht kaum Verkehr. In unmittelbarer Nähe ist auch ein Freibad und ein kleiner Campingplatz. Weiterhin ist im nächsten Ort Wippra ein Outdoor Kletterpark.
96e5974a-40ad-4cb0-b670-0540680174a4;11.22587;51.70887;Ballenstedt - Am Kaufberg;Platz für 3 Mobile
13cfe766-47b9-4725-b532-62db0ffff7fb;11.34947;51.65738;Stangerode - 13 Deistraße;Kostenpflichtiger befestigter Parkplatz
8f26e8fd-0bbc-414f-bf9c-cf379a8874bd;11.286319;51.701702;Falkenstein/Harz - Allee;Großer Parkplatz am Ortsrand Meisdorf an einer Kreisstraße, daher Verkehrslärm, aber wenig Verkehr. Keine Versorgung/Service. Untergrund Schotter, auch für große Wohnmobile geeignet. Gut für eine Nacht, aber nicht mehr.
26cd978a-6283-4246-ab81-69b08aa1634e;11.2333;51.71617;Ballenstedt - 2B Robert-Koch-Straße;Ruhiger Parkplatz, wenn am Schloss alles belegt ist.
73f1fd11-1aa8-4b4e-8af7-585c82d6d2da;11.22029;51.71772;Ballenstedt - 2A Schloßplatz;Neben dem Schloss Ballenstedt und neben dem Schlosshotel. Riesiger gebührenpflichtiger Parkplatz, auf dem das Stehen über Nacht erlaubt ist und es einen Tarif extra für Wohnmobile gibt.
5fc81412-ab85-4651-8c50-28d0f8a146fc;11.02575;51.59921;Südharz - ;Ruhiger abgelegener Platz.
203d3f75-e222-4b23-8d76-bc404fc83efa;11.377107;51.620867;Mansfeld - 6 Klausstraße Saurasen;Kleiner Schmutzparkplatz am Anfang einer Route. ruhig, um die Nacht zu verbringen.
d4e21734-4e31-4727-be7c-828e8ce19e20;11.142373;51.718248;Quedlinburg - Am Kuhkopf;An der Zufahrt zum alten Fdgb Heim, welches jetzt ein Lostplace ist, sind ein paar ruhige Plätzchen zu finden. Straße hört man nur ein wenig.
0b21ab66-91ec-4ecc-8265-1642ff540988;11.160843;51.723661;Gernrode - 1A Steiler Weg;Schöner Platz, fast direkt neben der selketalbahn- Dampfloks kommen vorbei. Große Wiesen und Obstbäume. Und Bäde teich. War Mitte September hier. Allein. Wie es im Sommer aussieht, weiß ich nicht.
90a004db-abd1-4e79-9234-67cabf1bd875;11.140711;51.499541;Südharz - ;Hier stand ein großer Camper, idyllischer Ort mitten in der Natur
75361988-7faf-4f08-8578-59391d125ba5;11.20406;51.72739;Ballenstedt - Unnamed Road;Sicht auf das Schloss Ballenstedt
d2f06959-091a-4fd8-bd68-5d52418a68d6;11.013677;51.587555;Südharz - L236;Ruhiger Parkplatz mit sehr wenig Verkehr. Nachts in der Regel leer.
e1160085-3796-49ca-93d4-a872c328f364;11.336088;51.524573;Pölsfeld - 49 K2307;Schotter Parkplatz am Sportplatz. Gaststätte direkt daneben.
a7cae50b-fb75-4d93-8f8a-5f9763128178;11.382809;51.661819;Alterode - 1 Schlackenmühle;Großer, ebener Parkplatz, neben einem Restaurant. In der Nacht war die Straße kaum zu hören.
9341d37e-2a64-4db9-aede-1fbc97b06bfb;11.115543;51.496742;Südharz - 86 Dorfstraße;Ruhiger Ort am Ende des Dorfes Questenberg. Es gibt einen großen Parkplatz neben dem Wald und einem Pinic Tisch. Kleiner Bonus: Basketball :-)
e2269f2c-9101-47ed-9fdc-4eeb44196776;11.278065;51.494898;Sangerhausen - 150 Hoher Berg;Parkplatz unterhalb der Moltkewarte. Tagsüber einige Wanderer und Autos. Für Wohnmobiles bis max. 6,50 m.
87e8d9a3-8066-419d-9358-848e6dfac107;11.21374;51.73463;Ballenstedt - Am Zehling;Der kleine Platz liegt direkt an den Gegensteinen...das Navi findet das. die Straße endet dort es ist die ganze Nacht totale Ruhe...am Tage viele Besucher. wir fanden es für eine Nacht sehr gut.
dfd82fa8-51be-4b4a-899a-3c53d75e6b9c;11.050537;51.694839;Thale - 4 Infang;Wanderparkplatz umgeben von Wald. Recht groß, hier haben bestimmt 15 Mobile platz und es ist recht ebenerdig. Die Straße hört man nicht, hatten eine ruhige Nacht für uns allein. Von hier aus kann man gut zu den Teufelsmühlen und den Angelteichen wandern.
7de807f3-c4a3-47fb-a88c-ae9e700da1f0;11.218447;51.73628;Ballenstedt - 1 An den Gegensteinen;Ein Sehr idyllischer Park/Rastplatz direkt an der Teufelsmauer. Tisch und Bank sind vorhanden. ein Mülleimer ebenfalls. wir standen eine Nacht mit dem PKW und es war sehr ruhig.  vom Platz aus, kann man entlang der Teufelsmauer wandern gehen. der Platz ist leicht abschüssig aber am oberen Ende können zwei PKW oder Bullis Recht gerade stehen. Für Wohnmobile eher nicht geeignet. Handyempfang ist top.
7821555b-330c-4958-8147-be1096925a9f;11.359623;51.529351;Pölsfeld - K2307;Großer Schotterparkplatz an einer kleinen Landstraße. Kaum Verkehr, keine Häuser in der Nähe. Zwischen Schotter und Gras ist der Boden sehr eben. Sehr ok für eine Nacht.
86432efe-3311-44db-b5b0-02327b16e2bc;11.028592;51.685064;Thale - 217 Käufung;Großer staubiger Parkplatz. Wohnmobile dürfen nur tagsüber parken. Kostenpflichtig von 9.00 bis 18.00 Uhr. Übernachten sei verboten, steht kleingedruckt auf dem Fahrkartenautomaten. Sie können bar oder mit der App bezahlen. Bushaltestelle gegenüber, ideal für Wanderungen.
64b97ef7-0960-4111-a3db-1af7ba7793e5;11.409517;51.598779;Mansfeld - 2A Zur Klippmühle;Großer ebenerdiger Platz.  Wurde von Ortsansässigen empfohlen.  Keine Infrastruktur vor Ort. Der Platz liegt direkt am Vatteröder Teich an einer alten Freilandbühne
28d5249a-4aa0-4eca-b6fa-71fefb5057e9;11.25868;51.48297;Sangerhausen - Unnamed Road;Wunderschöner Platz mit toller Aussicht! Problemlose Anreise möglich. Allerdings fährt ab und zu ein Auto vorbei.
ced5243a-2e5e-43ee-91b0-b259f6f364f7;11.414782;51.601034;Mansfeld - Am Teich;Ruhiger Parkplatz am Vatteröder Wehr. ca.50m bis zum Vatteröder Teich.
7c277517-4d65-42c4-b9a7-1085e21cf702;11.38088;51.53448;Sangerhausen - B86;Ein Parkplatz an der B86. Keine Dienstleistungen, aber zum Übernachten oder eine Wanderung zum Zollhaus oder ähnliches gut geeignet. Der Verkehr könnte etwas stören, wenn man empfindlich ist.
83ab1171-8814-44ee-8d42-1fff25565b35;11.311483;51.490227;Sangerhausen - 995 Walkberg;Einfacher Schotterplatz
5b7f4b29-d930-4ea6-a6d9-7e581faf74e7;11.08002;51.72988;Thale - 44A Stecklenberger Wurmtal;Kleiner Parkplatz am Fuß der Lauenburg und in der Nähe der Stecklenburgruine. Sehr ruhig und umgeben von Wald und einem kleinen Bachlauf. Es gibt eine überdachte Bank mit Tisch.
2aadf797-6f0e-4b9e-8d78-93c75e4d1713;11.307861;51.477301;Sangerhausen - 1 An der Probstmühle;Wohnmobil-Stellplatz, 800 Meter zur Altstadt, 400 Meter zum Rosarium (weltweit größte Rosenausstellung)
cea75fbf-dd79-4c21-9466-8da5dfa72354;11.4516;51.593399;Mansfeld - 14A Lutherstraße;Asphalt Parkplatz mit anderen Fahrzeugen geteilt, ganz flach, ideal für die Stadt und die Umgebung zu besuchen, Wander- und Radwege. kostenlos nicht erschlossenes.
c6ddd89e-e7c9-4d6a-8200-30b58802113f;11.02525;51.72561;Thale - L240;Kostenlose Parkplätze am Straßenrand in der Nähe vom Hexentanzplatz (ca. 5 min Fußweg)
d8423df3-b884-42fb-93e9-27652f612e1d;11.088323;51.754251;Thale - 4 Am Bahnhof;Einfacher öffentlicher Parkplatz am Marienhof mit Hofladen, Bäckerei und Café. Spielplatz mit Streichelzoo. Zugang zur Teufelsmauer. 3 Stellplätze für Wohnmobile ausgewiesen. 7m Max. Restliche Parkplätze 5m.
5ef6b0d3-15d6-4922-94d8-e0c6358efac8;11.090701;51.756975;Thale - 13 Alte Quedlinburger Straße;Hier können Sie parken, tagsüber gut besucht. Auch für große Wohnmobile geeignet.
4c7d3863-8684-42b3-8b00-1834f85ce146;11.43651;51.54219;Mansfeld - ;Platz in der Natur an einem Teich(Privat) mit Fischbesatz und vor dem Vereinshaus der Pfingstgesellschaft. Sehr ruhig mit Infotafel zum Teich. Kein Strom und Wasser vorhanden. Eher geeignete für Minicamper bis mittlere Camper.
5aa50c33-49ec-4b17-bff7-d5f3196dd827;11.026705;51.7322;Thale - ;Sehr schönes Platz mit fantastischem Ausblick!
349e5431-450a-41bf-9fe7-5b2aa2df0b05;11.088032;51.456803;Südharz - 998 Fußstieg;Parkplatz vom Freibad Roßla, große Wiese zum Teil befestigt. Kein Service! Parken und Baden kostenlos!
0ef2767c-d63a-4189-9cbc-11a6099ad13e;11.242174;51.442655;Wallhausen - 1 Sangerhausener Straße;Am Flussufer, in der Nähe eines Fußballplatzes, Parkplätze für ein kleines Picknick im Schatten und warum nicht Auch um eine Nacht zu verbringen. Gleich am Eingang eines kleinen Dorfes
20d9894e-1a7e-460f-8449-1012c6ed642c;11.017653;51.740852;Thale - 2 Rosstrappe;Kostenloser Parkplatz, direkt an der Bergbahn. Nicht wirklich gerade. Bänke vorhanden. Es gibt keine Toiletten.
5499897b-a8b0-4da8-8d62-c16e56338b4a;11.0278;51.74703;Thale - 1A Parkstraße;Einfacher Stellplatz auf Rasen entlang der Straße ohne Versorgung. Entsorgung auf Klostercamping-Thale möglich. Tages- oder Übernachtungs-Ticket verfügbar. Guter Ausgangspunkt für Wander- oder Biketouren und nahe der Seilbahnen.
770fbc30-cb77-4bd7-b8e6-70575cc06dac;11.163148;51.782531;Quedlinburg - 32 Jungfernhohlweg;Wir haben hier am Mastenweg (eine breite Schotterstraße) für eine Nacht gut u sehr ruhig am Feldrand gestanden. Die Altstadt ist ca. 2,5 km entfernt. Ein Stück weiter mündet der Mastenweg in den Bockshornschanzenweg. Dort gibt es Nicos Pizzeria an einem Hünengrab.
95bf8067-bdd8-42c7-9b8b-a1acce1c1a16;11.027;51.7472;Thale - 1 An der Hütte;Parkplatz für die Seilbahnen. Kostenlos. Übernachten verboten. Auf der gegenüberliegenden Rasenfläche für die Nacht wohl ok (s. anderer Eintrag).
0c1beb14-7dae-444f-b6b6-a85886b59879;11.03243;51.75058;Thale - 9 Steinbachstraße;Ein guter Stellplatz fast direkt in der Stadt Thale. Er ist relativ ruhig und gut geeignet für eine Nacht. Einer der wenigen Parkplätze in der Nähe ohne Gebühren.
1d238760-f098-427a-ac9b-a7868d11d491;11.026805;51.748268;Thale - Steinbachstraße;Kleine Bucht unter einigen Bäumen für 2/3 Camper kurz vor dem großen Hauptparkplatz
b17c83c3-41bc-4a20-938d-b57cf6b5063c;11.02944;51.75093;Thale - Wolfsburgstrasse;Einfacher Parkplatz, wo man sicher auch ne Nacht stehen kann. Ansonsten guter Startpunkt für Aktivitäten.
4667404a-8733-4526-9805-3ccee563dfc4;11.154872;51.785886;Quedlinburg - 1 Bahnhofsplatz;Großer gebührenpflichtiger Parkplatz neben dem Bahnhof für große Wohnmobile (9,50 m) Kein Service. 1km zu Fuß vom Zentrum entfernt, schöne Fachwerkhäuser.
d499cd4c-443f-4454-b7f5-b747578b046a;11.13102;51.78333;Quedlinburg - 5C Wipertistraße;Stellplatz an der Straße , in einer Sackgasse, kein Service!
ed2d7167-7b8d-488c-add5-8dff5b6aee86;11.02821;51.756935;Thale - 2 Silberbachtal;Ruhiger grüner Parkplatz an einem Angelsee. In der Nacht und am Morgen sehr ruhig. Man kann auch direkt am See am Straßenrand parken.  Ich wollte heute am 18.10.2020 hinfahren. An der Zufahrt steht ein Schild, das nur noch bis 2,8t eine Einfahrt möglich ist.
f1e6c73c-fee5-40a7-831a-cd3f4b64d897;11.029326;51.757665;Thale - ;Eine Parkbucht für zwei kleine Fahrzeuge neben einem kleinen Teich. Untergrund ist eben, vorne mit Kies bedeckt, im hinteren Bereich kann es matschig sein. Vom Stellplatz aus kann man den Teich leider nicht sehen. Die Straße ist ebenfalls aus Schotter und für große Wohnmobile nicht zugänglich. Sehr ruhig gelegen. Direkt gegenüber ist ein Spielplatz und eine Wiese mit Ziegen, die gefüttert werden dürfen. Am Teich befindet sich eine Bank und ein öffentlicher Abfalleimer. Fußläufig gut erreichbar ist das Freibad.
50f3b511-ecbe-4f0a-a232-05c88032c135;10.9461;51.518501;Südharz - 49 Hauptstraße;Einfacher, geschotterter Stellplatz direkt am Wasser mit einem wunderschönen Blick. Nachts ist es sehr ruhig, trotz der Straße.   Es gibt keine Toiletten in der Nähe, ein Bäcker ist aber in Fußweite. Man kann nah am Wasser stehen.
33fa6a32-98fc-4335-bcdd-ba4de8b16678;11.031873;51.760741;Thale - L92;Sehr großer Schotterparkplatz, gedacht für Besucher des Friedhofs und/oder des Sommerbads. Direkt an der Straße. Sehe öfter einzelne Wohnmobile oder Vans hier stehen. Vom Hügel hinter dem Parkplatz hat man eine super Aussicht auf Thale und ins Bodetal.
1dd5e59b-dcce-424d-9ed2-c0f6a9659aac;11.13317;51.79041;Quedlinburg - 21 Westerhäuser Straße;Kostenlose Parkplätze nur 250 m von der Altstadt entfernt. Mehrere Parkplätze links und rechts der Straße. Mit einem Kastenwagen passt man perfekt rein, für ein Reisemobil ist es sicher etwas zu eng. Perfekt für Sightseeing und besser als die meisten anderen Orte.
b5e24ce9-2433-46eb-9d6f-de672e552825;11.14884;51.792967;An den Fischteichen Parking;"Parkplatz An den Fischteichen" Günstiger Stellplatz an der stark befahrenen Straße, etwas Schatten, Sat-Empfang, mit WC, 24-Stunden-Tarif inkl. Kurtaxe. Platz für ca. 10 Mobilheime hinter der Snackbar.
5749738c-6bfa-4b96-9922-c1f849a74f73;11.152408;51.794011;Quedlinburg - 3 Weyhestraße;Direkt vor der Berufsschule direkt an der Straße. Hier gibt es keine Übernachtungsverbotsschilder. Wir verbrachten eine ruhige Nacht im Faltdachzelt. Ich kann es jedem empfehlen, der kostenlos übernachten möchte!
af20e822-f4f0-4d51-a0a7-991ddd7c16e7;11.142367;51.79315;Quedlinburg - 5 Ägidiikirchhof;Kleiner kostenloser Parkplatz Nahe Zentrum von Quedlinburg.
f509355f-76d0-45f7-a1e6-a989f86ba1c3;11.14952;51.79422;Quedlinburg - 5 Julius-Wolff-Straße;Das Parken an der Straße ist erlaubt. Dort gibt es keine Verbotsschilder und wir konnten dort in Ruhe übernachten. Kleiner Spielplatz in unmittelbarer Nähe.
443dd616-5994-44dc-a7d9-51a354de4dd2;10.95483;51.4977;Südharz - 2 An der Heimkehle;Parkplatz der Heimkehle (Höhle). Wohnmobile und Camper kostenlos. Besichtigung der Höhle möglich. Restaurant direkt am Parkplatz.
e7337870-2197-4772-a8db-0d0de5fb0384;11.137199;51.795523;Quedlinburg - 6 Schillerstraße;Parkplatz des ehemaligen Nettomarktes, der aktuell abgerissen wird. Von hier sind es zu Fuß nicht einmal zehn Minuten bis zum Marktplatz. Für eine Stadtbesichtigung also perfekt. Grundsätzlich kann man hier auch übernachten stehen, wobei dies wohl aufgrund der vorbeiführenden Hauptstraße nicht ideal ist.  Wie der Parkplatz nach dem erfolgten Abriss genutzt werden kann, kann ich selbstverständlich aktuell nicht abschätzen.
05e11ad9-cea3-40af-86d7-4bf04c776fe4;11.140485;51.79629;Quedlinburg - 46 Halberstädter Straße;Kleiner Parkplatz an einem kleinem Weg am Weiterbildungszentrum. 10 min. In das historische Stadtzentrum.
608e97a4-3705-4215-ac26-e77d4077afcb;11.32549;51.78447;Seeland - 18E Ascherslebener Straße;Tankstelle rund um die Uhr geöffnet. Ruhige Nacht hinter dem Resort. LKW-Parkplatz. Ideal nur für eine Nacht unterwegs. Kleines Catering vor Ort.
b5c4ba01-15a1-4da0-addc-333c9ae10ff6;11.505484;51.633832;Hettstedt - 29 Mansfelder Straße;Alter Parkplatz mit morbidem Charme, zwischen Industrieruinen und einem idyllischen kleinen Bach, Stufen führen hinunter. Leider liegt der Platz direkt an einer stark befahrenen Straße...  Ich bin nicht über Nacht geblieben. Aber der Ort hat etwas Besonderes. Keine Verbotsschilder.
bf652fc4-6367-435b-96cf-fcbf6c9f75b5;11.236819;51.418059;Wallhausen - 156 Borxlebener Straße;Parkplatz am Ortsrand beim Sportplatz gegenüber des örtlichen Kindergartens. Fußläufig ist ein Bäcker erreichbar.
e0d167ab-cdaf-4a31-8a06-2bb5f95d5df0;11.133399;51.419456;Tilleda - 1A Ernst-Thälmann-Straße;Am Ende von Tilleda gibt es einen großen kostenlosen öffentlichen Parkplatz. Dies ist auch für größere Wohnmobile geeignet. Der Platz ist gepflastert und flach und ruhig. Von hier aus können Sie die Ausgrabungsstätte Königspfalz und das drei Kilometer entfernte Kyffhäuser-Denkmal besuchen.
495cb83b-f5b4-40df-af7d-0e644b59d108;11.510993;51.643134;Hettstedt - 2A Mühlgartenstraße;Sehr gut gelegen um die Umgebung zu besichtigen. Einkaufsmöglichkeiten, Bäcker , Metzger alles fußläufig. An den Wochenenden kann es zu Lärmbelästigungen durch Jugendliche kommen. Keine Ver und Entsorgung. Haltet den Platz bitte sauber .
307cc9c7-19a2-459f-8d47-e6de9fde27e4;11.519085;51.62837;Hettstedt - 15 An der Brache;Eduardschacht Parkplatz   Wiese ohne Dienstleistungen - Achtung nur Wiese Papierkorb vorhanden  sehr ruhig - geschotteter Zuweg
86913a87-1735-417b-8c85-fb313d1d53d7;11.007512;51.44744;Berga - ;Absolut  genial um 1 oder paar  Nächte  hier  zu verbringen.  Ruhiger  abgelegenen  Platz  direkt von Stausee und direkt am Badesee.  Großartige  Möglichkeit  mit Hunden  spazieren gehen. Oder einfach  Ruhe genießen.   Bitte  nimmt  eure Mühl mit.
9bf2d6de-6daf-4ba7-abbd-b90f9e470804;11.006874;51.773358;Timmenrode - 16 Lindestraße;Toller ruhiger Parkplatz an einem Sportplatz. Ausgangspunkt für Wanderung Teufelsmauer.
912fc23f-e1db-468d-a0f2-471741420b30;11.17078;51.408024;Kelbra (Kyffhäuser;Melmersee nähe Tilleda. Kleiner See zum Angeln und baden, für jede Nacht gut geeignet. Für den Hinweg sollte gutes Fahrwerk vorhanden sein. 
e89bb8de-bc3e-4416-88ec-d3657781ac89;10.998723;51.449124;Berga - ;An der Talsperre der Tallsperre Kelbra. wunderschönes Naturschutzgebiet, um Kraniche zu sehen. Wachturm. Flache, geräumige Stellplätze. Keine Annehmlichkeiten.
233d4b87-95f1-4a2f-9676-f19bb3224c07;11.099198;51.414512;Kyffhäuserland - L2297;Parkplatz auch zum Übernachten am Kyffhäuser Denkmal. Nachts sehr ruhig und einsam
a4a7ff41-28de-433a-a0a7-4671771cbfd9;11.10799;51.41195;Kyffhäuserland - 4 Kyffhäuser;Großer, nicht ganz ebener Parkplatz. Übernachten ist nicht verboten. Vom Parkplatz sind es ca. 800m zu Fuß zum Kyffhäuserdenkmal.
e695107e-5e7d-462f-b985-5d5391f362e5;11.34309;51.79676;Seeland - 49 Lindenstraße;Parkplatz am Sportplatz für Wohnmobile mit 6m direkt am Ortsausgang am Feld. PKW Parkplatz aber kein Wohnmobil verboten Schild. Seid freundlich zu den Anwohnern und nehmt euren Müll mit. Campingverhalten (mal zum Essen mit Stuhl draußen sitzen) wird geduldet. Froser Badesee 2km entfernt gut zu laufen. (Parkplatz vorhanden - Durchfahrt nach Navi auf direktem Weg verboten. Fahrt über B6!) Netto Discounter in 950m zu Fuß zu erreichen. Von hier tolle Tagestouren zum Brocken, zur Rappbodetalsperre (Action mit Bungee etc möglich), nach Thale zum Hexentanzplatz oder zum Adventure Spielplatz am Concordia See. Dort kann man auch Baden, Surfen und Radfahren.
6d0c9d58-3c56-4762-8605-43ad41010ca2;11.02255;51.43205;Kelbra (Kyffhäuser;Sehr ruhiger Stellplatz mit einem Aussichtsturm der frei zugänglich ist.
8a2a7fd6-d950-4474-a36c-199af062e445;11.002212;51.780277;Blankenburg (Harz;Ein schöner ruhiger Wanderparkplatz direkt unterhalb der Teufelsmauer. Er ist zwar an einer Straße und nur mit einem hohen Gebüsch abgetrennt, aber hier war so wenig Verkehr, dass es überhaupt nicht gestört hat. Der Parkplatz gehört zum Helsunger Krug und die Wirtsleute sind freundlich und offen. Es empfiehlt sich aber dort zu fragen.
1741ecdb-c289-4257-9fb7-999580021bbb;11.0763;51.413399;Kyffhäuserland - B85;Parkplatz unterhalb des Fernsehturms auf dem Kulpenberg.  Größtenteils asphaltiertes, leicht schräges Gelände etwas abseits der B85.
523d3f07-5767-4ccc-b9a3-bfeecdcbdcc6;11.37086;51.7935;Seeland - 204A Hoymer Straße;Parkplatz am Froser See. Direkt an der Straße aber wenig Durchgangsverkehr.
8bdacb2c-79ff-40eb-8d2e-72a81c464889;11.36642;51.798687;Seeland - K1368;Parkplatz Nähe Skater Park. Bahnlinie in Sicht, ist aber wenig befahren. Wald und See in der Nähe. Aber Achtung, Sperrgebiet beachten. 
b6262a2d-2c6f-4893-a5bb-911ad74d4309;11.016287;51.426704;Kelbra (Kyffhäuser;Ein sehr großer Parkplatz, oberhalb der Landesstraße, ohne Gebühren, allerdings leider ziemlich verschmutzt. Blick auf die Talsperre und den Südharz. Wenig Verkehr auf der Landesstraße.
ceb5beab-298e-412e-9875-ac452aec398e;11.016021;51.425179;Kelbra (Kyffhäuser;Ein sehr großer Parkplatz, oberhalb der Landesstraße, ohne Gebühren, allerdings leider ziemlich verschmutzt. Blick auf die Talsperre und den Südharz. Wenig Verkehr auf der Landesstraße.
45fa668a-8f6c-4e5f-971a-310e784f22ca;11.49438;51.49159;Lutherstadt Eisleben - 12 Stadtweg;Parkplatz bei Schmalzerode. Geschottert und sehr gut zum Übernachten geeignet. Dicht an der Straße, die aber wenig befahren ist. Gleich daneben ist eine Art Festplatz, der aber nicht oft genutzt wird. Schön schattig.
5e7f55ab-3bff-4285-bdbb-343da6d22d36;11.20483;51.82852;Ditfurt - 1A Mühlengraben;Erstmal nur geplant. Wird am Wochenende angesteuert
83e8e462-2385-4a14-8395-f2d69eac5a63;11.458298;51.760637;Wohnmobil- und Wohnwagenstellplatz Aschersleben;Freie geräumige Stellplätze für Wohnmobile, die zwischen einer Eisenbahnlinie mit geringer Intrusion und einer Straße liegen. Guter Ausgangspunkt für eine Stadtrundfahrt.
a2cc681a-20d1-4b18-b1c7-9f6b33a152c1;11.490821;51.482964;Bornstedt - 13 Schloßbergstraße;Es ist der Parkplatz vom Sportplatz
83bba9c5-77b1-4127-a0c7-a7a8f05f289d;11.210264;51.834154;Ditfurt - Schützenstraße 33;Parkplatz/Wiese am Schützenhaus. Das Toilettenhäuschen wird vom örtlichen Kanuverein bereitgestellt und unterhalten, daher bitten wir Sie, eine Spende an den Verein "Kanuverleih Ditfurt" zu hinterlassen. Bitte achten Sie auf Sauberkeit und Benehmen, damit dieser Ort erhalten bleibt. Vielen Dank.
bbc7ece1-eba5-4a05-a5e1-3e9d9a7381e7;11.079;51.3918;Kyffhäuserland - Kyffhäuserweg;Kleinerer Wanderparkplatz mit Sitzgelegenheiten
808e01be-7ede-49be-a497-87c35301a531;11.331107;51.392813;Katharinenrieth - ;Kleiner süßer See. Eigentliche Zufahrtsstraße mit Verbotsschild, hab hier aber mit den Anglern geredet und das ist wohl alles ok. Wochenende gern genutzt als Grillplatz, in der Woche sehr ruhig und schön.
adda6af7-d389-40dd-888c-5b262154d5d9;11.551629;51.529921;Lutherstadt Eisleben - 14 Klosterstraße;Einfacher Kiesplatz auf großem Parkplatz, ideal für Sightseeing. Alternativ gibt es in der Zeppelinstraße einen kostenlosen Kiesplatz.
e87e4479-e255-4b4f-8d5c-e132850bf524;11.550678;51.528023;Lutherstadt Eisleben - 59 Lindenallee;Längsparkplätze in unmittelbarer Nähe zu den Lutherstätten. Für eine Stadtbesichtigung ideal. Am Wochenende und abends kann man hier sogar kostenlos parken.
1cee4060-c904-4359-a7ed-946c649dc8fb;11.08395;51.38552;Kyffhäuserland - B85;Holzlager Platz, Untergrund geschotterte Rasenflächen, dicht umgeben von Bäumen. Von der Straße her mit Bäumen gut abgeschirmt.
705d98ff-9d70-4518-ab9c-65bf7e05d92c;11.40395;51.408446;Allstedt - 15 Schloßstraße;Parkplatz, der gem. Schilder zur Burg gehört. Direkte Umgebung nicht hübsch, aber nahe zur Burg. Übernachtung sollte kein Problem sein. Sehr ruhig.
495437a6-afb8-45cb-9d5a-02d0e442ff7e;11.557803;51.522922;Lutherstadt Eisleben - 81A Hallesche Straße;Parkplatz beim Kaufland. Von hier ist die Innenstadt fußläufig erreichbar und man kann danach noch schön einkaufen.
95351909-a200-46f0-8715-1ba55a8a1019;11.400247;51.403563;Allstedt - 14A Schloßstraße;Allstedt, unter den Linden. Großer Platz ohne Beschilderung unweit vom Sommerbad und der Burg. Besonders zu empfehlen ist die Gastronomie in der VORBURG.
dc13c730-96bc-4073-9916-c50127af3040;11.36144;51.83412;Seeland - Unnamed Road;Großer Parkplatz am Concordiasee. Unter der Woche war er Mitte Mai vollkommen leer.
ecc50e3a-c752-43d2-9886-bf147158ed7a;11.360316;51.835233;Seeland - 3C Bauerntränke;Parkplatz am Corncordiasee (Badesee!), ca. 300 Meter bis zum See und zum Geopark. Die Straße ist ab dem Parkplatz mit Schranke gesperrt, auf den Parkplatz kann man aber problemlos fahren. Am See gibt es ein Café, sonst keine Einkaufsmöglichkeiten in der Nähe. Tagsüber je nach Wetterlage viel los wegen der Badestelle, nachts ruhig. Viele Bäume, angenehmer Schatten, rundherum aber offenes Feld. Abenteuerspielplatz ist in der Nähe ausgeschildert, habe ich aber nicht besucht.
208836e2-ea04-44d9-bc19-5b16f4b18628;11.383808;51.830805;Seeland - K1370;Parkplatz gehört zum Spielplatz. Er ist recht groß und es gibt auch Platz für größere Wohnmobile.
95d95ded-d200-4fae-9ce3-ddf58d7b635a;11.110738;51.366643;Bad Frankenhausen/Kyffhäuser - Panoramastraße;Zwei Parkplätze am Panorama Museum. Einer ist beleuchtet und eben, der andere ist unbeleuchtet und hat eine leichte Schräge. Hier können auch große Wohnmobile stehen. Nachts sehr ruhig. Ein Besuch im Panorama Museum ist lohnenswert. Auch gibt es schöne Wanderungen durch Streuobstwiesen.
ac985673-542d-4e06-b45e-cc70479efbba;10.9533;51.812599;Blankenburg (Harz;Parkplatz unterhalb der Burg. B6 ist noch zu hören.
924293e7-669f-425e-8c59-438ee79750a6;11.371268;51.37862;Mönchpfiffel-Nikolausrieth - 1D Dorfplatz;Schlafen auf dem Klostergut (Denkmal). Auf dem Gelände befindet sich eine Eventgastronomie, ein Friseur und ein Hofladen. Man kann kostenfrei an der Klostermauer stehen. Guter Ausgangspunkt für Radtouren.
f1e720af-f779-43a5-81d4-a79b98404c91;11.29604;51.35999;Artern/Unstrut - 1 Straße der Jugend;Ruhiger Parkplatz 50m von der Unstrut mit Einsetzmöglichkeit für ein Kajak/Kanu. Haben hier 2 Nächste absolut ruhig gestanden. Max. 1 bis 2 Kastenwagen möglich.
baa46e42-c425-423d-b712-71e1884910e5;11.034654;51.374374;Kyffhäuserland - Barbarossaweg;Offizieller Parkplatz zur Barbarossahöhle. Sehr schön auch zur Übernachtung geeignet, da im Grünen und direkt am Bach. Straße nachts kaum befahren. Weiterer kleiner Parkplatz mit Tischen und Bänken und Feuerstelle, hinter diesem Parkplatz - Zufahrt 500 Meter weiter hinten aus Steinthaleben kommend über Schotterweg. Imbiss an Barbarossahöhle vorhanden. Geöffnet 10-17 Uhr.
c5ea2653-4c36-4b5c-b579-cb64c114c063;10.87626;51.44836;Heringen/Helme - 30 Bahnhofstraße;Für eine Nacht ok.
4502c561-90e4-41fc-b4ed-18166b43750d;11.023624;51.844942;Langenstein - Quedlinburger Straße;Parkplatz vor einer Gedenkstätte, relativ groß,  Tagsüber einige Autos von Besuchern der Gedenkstätte und Wanderen, Nachts leer und ruhig