ID;validFrom;validTo;longitude;latitude;name;description;number;orderBy
29d1d742-fd93-4ad2-b23b-7ee46daa8de9;1970-01-01T00:00:01.0+00:00;2037-12-31T23:00:01.000Z;10.579979999999978;51.84165;Stempelstelle 1 / Eckertalsperre - Staumauer;Stempelstelle 1 / Eckertalsperre - Staumauer ~ this will come later: make a get request;1;001
a6243577-2838-45e3-80ad-619f72e62229;1970-01-01T00:00:01.0+00:00;2037-12-31T23:00:01.000Z;10.602769999999964;51.83017;Stempelstelle 2 / Scharfenstein - Rangerstation;Stempelstelle 2 / Scharfenstein - Rangerstation ~ this will come later: make a get request;2;002
95d9e3b7-f687-4df9-b231-58b5debdab89;1970-01-01T00:00:01.0+00:00;2037-12-31T23:00:01.000Z;10.611800000000017;51.84437;Stempelstelle 3 / Am Kruzifix;Stempelstelle 3 / Am Kruzifix ~ this will come later: make a get request;3;003
c25ffe97-6f98-4f5a-97d7-5fb29952316e;1970-01-01T00:00:01.0+00:00;2037-12-31T23:00:01.000Z;10.618600000000015;51.86213;Stempelstelle 4 / Taubenklippe;Stempelstelle 4 / Taubenklippe ~ this will come later: make a get request;4;004
6d0c5d0d-ac35-44b4-bd70-c82fdb813e54;1970-01-01T00:00:01.0+00:00;2037-12-31T23:00:01.000Z;10.654570000000035;51.85192;Stempelstelle 5 / Froschfelsen;Stempelstelle 5 / Froschfelsen ~ this will come later: make a get request;5;005
8b717dcd-178e-4759-9c8c-8744c7ac33e2;1970-01-01T00:00:01.0+00:00;2037-12-31T23:00:01.000Z;10.634850000000029;51.82868;Stempelstelle 6 / Bremer Hütte (Obere Ilsefälle);Stempelstelle 6 / Bremer Hütte (Obere Ilsefälle) ~ this will come later: make a get request;6;006
351616bb-5b57-421b-9c5e-2f01627c548b;1970-01-01T00:00:01.0+00:00;2037-12-31T23:00:01.000Z;10.668260000000032;51.83215;Stempelstelle 7 / Gasthaus Plessenburg;Stempelstelle 7 / Gasthaus Plessenburg ~ this will come later: make a get request;7;007
aa1c96b6-9746-42c9-a6ce-8b29e6122ff8;1970-01-01T00:00:01.0+00:00;2037-12-31T23:00:01.000Z;10.627920000000017;51.81937;Stempelstelle 8 / Stempelsbuche;Stempelstelle 8 / Stempelsbuche ~ this will come later: make a get request;8;008
bebf5cd4-e427-4297-a490-0730968690c2;1970-01-01T00:00:01.0+00:00;2037-12-31T23:00:01.000Z;10.615779999999972;51.80054;Stempelstelle 9 / Brockenhaus;Stempelstelle 9 / Brockenhaus ~ this will come later: make a get request;9;009
793cc8d8-a2f1-4c88-bd4b-8fda9a7b76c4;1970-01-01T00:00:01.0+00:00;2037-12-31T23:00:01.000Z;10.643350000000055;51.80264;Stempelstelle 10 / Große Zeterklippe;Stempelstelle 10 / Große Zeterklippe ~ this will come later: make a get request;10;010
cae55308-f7dc-4299-a94b-f663fd7cbfa2;1970-01-01T00:00:01.0+00:00;2037-12-31T23:00:01.000Z;10.617920000000026;51.78499;Stempelstelle 11 / Eckerloch;Stempelstelle 11 / Eckerloch ~ this will come later: make a get request;11;011
a08ce1e4-1d3f-4806-92f0-cb5303413938;1970-01-01T00:00:01.0+00:00;2037-12-31T23:00:01.000Z;10.569129999999973;51.76145;Stempelstelle 12 / Achtermannshöhe;Stempelstelle 12 / Achtermannshöhe ~ this will come later: make a get request;12;012
e2906e06-71f8-434b-a494-e8e2528d0009;1970-01-01T00:00:01.0+00:00;2037-12-31T23:00:01.000Z;10.667190000000005;51.77356;Stempelstelle 13 / Ahrensklint;Stempelstelle 13 / Ahrensklint ~ this will come later: make a get request;13;013
1a8540d8-ec99-421d-8ea8-4bbc214a6701;1970-01-01T00:00:01.0+00:00;2037-12-31T23:00:01.000Z;10.665650000000028;51.75445;Stempelstelle 14 / Schnarcherklippe (Schutzhütte);Stempelstelle 14 / Schnarcherklippe (Schutzhütte) ~ this will come later: make a get request;14;014
96eba5f1-c6d5-48cc-b824-7e220e18b923;1970-01-01T00:00:01.0+00:00;2037-12-31T23:00:01.000Z;10.69378000000006;51.78152;Stempelstelle 15 / Leistenklippe;Stempelstelle 15 / Leistenklippe ~ this will come later: make a get request;15;015
bb4ae54d-4eb1-41d3-bc0d-b15b904b437f;1970-01-01T00:00:01.0+00:00;2037-12-31T23:00:01.000Z;10.652100000000019;51.8235;Stempelstelle 16 / Ferdinandsstein;Stempelstelle 16 / Ferdinandsstein ~ this will come later: make a get request;16;016
a973e75e-4a7a-4609-8412-db8aac4b7278;1970-01-01T00:00:01.0+00:00;2037-12-31T23:00:01.000Z;10.696559999999977;51.77218;Stempelstelle 17 / Trudenstein;Stempelstelle 17 / Trudenstein ~ this will come later: make a get request;17;017
da3af2e1-587c-4c82-8dad-17b4587451f5;1970-01-01T00:00:01.0+00:00;2037-12-31T23:00:01.000Z;10.632450000000063;51.75183;Stempelstelle 18 / Grenzweg am Kaffeehorst;Stempelstelle 18 / Grenzweg am Kaffeehorst ~ this will come later: make a get request;18;018
9ce27682-c2d6-43f7-b8d2-0d0e68341c5d;1970-01-01T00:00:01.0+00:00;2037-12-31T23:00:01.000Z;10.57298000000003;51.82037;Stempelstelle 19 / Skidenkmal (Nähe Eckerstausee);Stempelstelle 19 / Skidenkmal (Nähe Eckerstausee) ~ this will come later: make a get request;19;019
4cb30fc5-9c0d-4e5e-adf9-4061d96f1aee;1970-01-01T00:00:01.0+00:00;2037-12-31T23:00:01.000Z;10.675050000000056;51.75032;Stempelstelle 20 / Barenberg (Aussichtspunkt);Stempelstelle 20 / Barenberg (Aussichtspunkt) ~ this will come later: make a get request;20;020
51c29248-45d8-4931-995e-4314e035537e;1970-01-01T00:00:01.0+00:00;2037-12-31T23:00:01.000Z;10.68091000000004;51.75407;Stempelstelle 21 / Helenenruh Elend;Stempelstelle 21 / Helenenruh Elend ~ this will come later: make a get request;21;021
296ab803-6256-432c-8a16-9ee963777a12;1970-01-01T00:00:01.0+00:00;2037-12-31T23:00:01.000Z;10.644810000000007;51.79102;Stempelstelle 22 / Gelber Brink;Stempelstelle 22 / Gelber Brink ~ this will come later: make a get request;22;022
cc7e6e51-93c4-437e-9b6b-ec83b546cfcc;1970-01-01T00:00:01.0+00:00;2037-12-31T23:00:01.000Z;10.657789999999977;51.80771;Stempelstelle 23 / Molkenhausstern;Stempelstelle 23 / Molkenhausstern ~ this will come later: make a get request;23;023
69261e36-1a0a-480d-9d2b-5692c86530b1;1970-01-01T00:00:01.0+00:00;2037-12-31T23:00:01.000Z;10.67052000000001;51.81947;Stempelstelle 24 / Wolfsklippe;Stempelstelle 24 / Wolfsklippe ~ this will come later: make a get request;24;024
a1ff6de4-18f9-4b28-8133-ba877483768e;1970-01-01T00:00:01.0+00:00;2037-12-31T23:00:01.000Z;10.688400000000001;51.82528;Stempelstelle 25 / Oberförster-Koch-Denkmal;Stempelstelle 25 / Oberförster-Koch-Denkmal ~ this will come later: make a get request;25;025
24631bfe-2c6c-4999-bc9d-d89a0c956af9;1970-01-01T00:00:01.0+00:00;2037-12-31T23:00:01.000Z;10.70789000000002;51.81783;Stempelstelle 26 / Mönchsbuche;Stempelstelle 26 / Mönchsbuche ~ this will come later: make a get request;26;026
ff0f0541-e963-4210-90db-61522752bf5f;1970-01-01T00:00:01.0+00:00;2037-12-31T23:00:01.000Z;10.711950000000002;51.79669;Stempelstelle 27 / Ottofelsen;Stempelstelle 27 / Ottofelsen ~ this will come later: make a get request;27;027
6444f2ef-6157-4aba-a4c8-d5b2ec70f172;1970-01-01T00:00:01.0+00:00;2037-12-31T23:00:01.000Z;10.699769999999944;51.80494;Stempelstelle 28 / Gasthaus Steinerne Renne;Stempelstelle 28 / Gasthaus Steinerne Renne ~ this will come later: make a get request;28;028
7ded9578-7095-44be-8294-155d061ab54b;1970-01-01T00:00:01.0+00:00;2037-12-31T23:00:01.000Z;10.734720000000038;51.80444;Stempelstelle 29 / Elversstein;Stempelstelle 29 / Elversstein ~ this will come later: make a get request;29;029
963bb6cd-abc5-464d-bdeb-3063ef931185;1970-01-01T00:00:01.0+00:00;2037-12-31T23:00:01.000Z;10.663130000000024;51.84634;Stempelstelle 30 / Ilsestein;Stempelstelle 30 / Ilsestein ~ this will come later: make a get request;30;030
9e6646e4-9773-4770-9439-35956070c751;1970-01-01T00:00:01.0+00:00;2037-12-31T23:00:01.000Z;10.79795999999999;51.83003;Stempelstelle 31 / Agnesberg;Stempelstelle 31 / Agnesberg ~ this will come later: make a get request;31;031
e4469152-822f-4bb6-98d9-7e43630747ab;1970-01-01T00:00:01.0+00:00;2037-12-31T23:00:01.000Z;10.812900000000013;51.82772;Stempelstelle 32 / Gasthaus Christianental;Stempelstelle 32 / Gasthaus Christianental ~ this will come later: make a get request;32;032
b8684430-7623-4946-8ec9-ef0b7433c34a;1970-01-01T00:00:01.0+00:00;2037-12-31T23:00:01.000Z;10.848250000000007;51.82613;Stempelstelle 33 / Stapenberg;Stempelstelle 33 / Stapenberg ~ this will come later: make a get request;33;033
2722932c-5f9b-49a6-ba89-83d4fcaf21e1;1970-01-01T00:00:01.0+00:00;2037-12-31T23:00:01.000Z;10.798400000000015;51.81002;Stempelstelle 34 / Scharfenstein;Stempelstelle 34 / Scharfenstein ~ this will come later: make a get request;34;034
122cbd72-adf0-4b28-afab-a34ba3837179;1970-01-01T00:00:01.0+00:00;2037-12-31T23:00:01.000Z;10.776630000000068;51.81545;Stempelstelle 35 / Gasthaus Armeleuteberg;Stempelstelle 35 / Gasthaus Armeleuteberg ~ this will come later: make a get request;35;035
f3267ad2-961d-4d17-b626-36e01046d695;1970-01-01T00:00:01.0+00:00;2037-12-31T23:00:01.000Z;10.780279999999948;51.79222;Stempelstelle 36 / Peterstein;Stempelstelle 36 / Peterstein ~ this will come later: make a get request;36;036
7670166d-8d6c-4931-9501-b6f98d78b137;1970-01-01T00:00:01.0+00:00;2037-12-31T23:00:01.000Z;10.81842000000006;51.79104;Stempelstelle 37 / Büchenberg;Stempelstelle 37 / Büchenberg ~ this will come later: make a get request;37;037
e89d5005-30f0-417c-81c7-52319eca7436;1970-01-01T00:00:01.0+00:00;2037-12-31T23:00:01.000Z;10.81677000000002;51.7738;Stempelstelle 38 / Galgenberg;Stempelstelle 38 / Galgenberg ~ this will come later: make a get request;38;038
8c84aa67-bf75-4fa3-9077-b1b883220eff;1970-01-01T00:00:01.0+00:00;2037-12-31T23:00:01.000Z;10.80183999999997;51.75997;Stempelstelle 39 / Tagebau Felswerke;Stempelstelle 39 / Tagebau Felswerke ~ this will come later: make a get request;39;039
3226d056-e0fc-4757-a726-eaf9df6ada1f;1970-01-01T00:00:01.0+00:00;2037-12-31T23:00:01.000Z;10.75306999999998;51.7511;Stempelstelle 40 / Königshütter Wasserfall;Stempelstelle 40 / Königshütter Wasserfall ~ this will come later: make a get request;40;040
efe0ca6f-b733-40aa-95e0-bf999a359efe;1970-01-01T00:00:01.0+00:00;2037-12-31T23:00:01.000Z;10.767190000000028;51.73841;Stempelstelle 41 / Ruine Königsburg;Stempelstelle 41 / Ruine Königsburg ~ this will come later: make a get request;41;041
3068e601-5d43-49b6-a7ca-b90634215710;1970-01-01T00:00:01.0+00:00;2037-12-31T23:00:01.000Z;10.805049999999937;51.73558;Stempelstelle 42 / Trogfurther Brücke;Stempelstelle 42 / Trogfurther Brücke ~ this will come later: make a get request;42;042
385d22f0-10c5-41ea-a1f7-23ff508f7d53;1970-01-01T00:00:01.0+00:00;2037-12-31T23:00:01.000Z;10.504310000000032;51.61864;"Stempelstelle 43 / Wasserscheide Weser-Elbe ""Hohe Tür""";"Stempelstelle 43 / Wasserscheide Weser-Elbe ""Hohe Tür"" ~ this will come later: make a get request";43;043
c00e1dfb-f3e3-4e09-84c9-f14280baead3;1970-01-01T00:00:01.0+00:00;2037-12-31T23:00:01.000Z;10.740890000000036;51.70559;Stempelstelle 44 / Kapitelsberg;Stempelstelle 44 / Kapitelsberg ~ this will come later: make a get request;44;044
dce5fdab-f12d-4ed7-a9bc-78034c1274fc;1970-01-01T00:00:01.0+00:00;2037-12-31T23:00:01.000Z;10.648069999999962;51.65725;Stempelstelle 45 / Dicke Tannen;Stempelstelle 45 / Dicke Tannen ~ this will come later: make a get request;45;045
86bbd433-6b0e-4e56-83ca-40774e440a59;1970-01-01T00:00:01.0+00:00;2037-12-31T23:00:01.000Z;10.666699999999992;51.6936;Stempelstelle 46 / Grenzmuseum am Ring der Erinnerung;Stempelstelle 46 / Grenzmuseum am Ring der Erinnerung ~ this will come later: make a get request;46;046
e189c2d1-67b5-417f-a0db-cd647e8667f1;1970-01-01T00:00:01.0+00:00;2037-12-31T23:00:01.000Z;10.74870999999996;51.65288;Stempelstelle 47 / Oberharzblick am Buchenberg;Stempelstelle 47 / Oberharzblick am Buchenberg ~ this will come later: make a get request;47;047
07b17702-9935-4dda-812a-8fd7510ff252;1970-01-01T00:00:01.0+00:00;2037-12-31T23:00:01.000Z;10.75639000000001;51.64111;Stempelstelle 48 / Stierbergsteich;Stempelstelle 48 / Stierbergsteich ~ this will come later: make a get request;48;048
0207d264-f3dc-42eb-8b1b-c6af06be0371;1970-01-01T00:00:01.0+00:00;2037-12-31T23:00:01.000Z;10.755329999999958;51.6766;Stempelstelle 49 / Grüntal;Stempelstelle 49 / Grüntal ~ this will come later: make a get request;49;049
762e4ea5-3fb2-4615-a0a9-9f92c2587b8d;1970-01-01T00:00:01.0+00:00;2037-12-31T23:00:01.000Z;10.767209999999977;51.66103;Stempelstelle 50 / Walzenhütte;Stempelstelle 50 / Walzenhütte ~ this will come later: make a get request;50;050
d08779ef-2739-4def-adc9-ea0c1db5ff85;1970-01-01T00:00:01.0+00:00;2037-12-31T23:00:01.000Z;10.797059999999988;51.65641;Stempelstelle 51 / Carlsturm;Stempelstelle 51 / Carlsturm ~ this will come later: make a get request;51;051
5c901711-34a9-49b7-bd44-edcf4ea51768;1970-01-01T00:00:01.0+00:00;2037-12-31T23:00:01.000Z;10.791209999999978;51.70275;Stempelstelle 52 / Trageburg am Hexenstieg;Stempelstelle 52 / Trageburg am Hexenstieg ~ this will come later: make a get request;52;052
d187b48c-263b-4fa7-beac-5717a633d39c;1970-01-01T00:00:01.0+00:00;2037-12-31T23:00:01.000Z;10.83113000000003;51.70968;Stempelstelle 53 / Hassel-Vorsperre;Stempelstelle 53 / Hassel-Vorsperre ~ this will come later: make a get request;53;053
75e72933-439d-4adb-b11d-aceba705fc2b;1970-01-01T00:00:01.0+00:00;2037-12-31T23:00:01.000Z;10.880909999999972;51.72912;Stempelstelle 54 / Rotestein;Stempelstelle 54 / Rotestein ~ this will come later: make a get request;54;054
2a8bb1d1-2423-4648-8a71-b704b8d77b3e;1970-01-01T00:00:01.0+00:00;2037-12-31T23:00:01.000Z;10.918859999999995;51.65044;Stempelstelle 55 / Wüstung Selkenfelde/Kirche;Stempelstelle 55 / Wüstung Selkenfelde/Kirche ~ this will come later: make a get request;55;055
2372a32c-1e6b-40d3-a600-839ec7b983cb;1970-01-01T00:00:01.0+00:00;2037-12-31T23:00:01.000Z;10.800970000000007;51.71153;Stempelstelle 56 / Rappbodeblick Trautenstein;Stempelstelle 56 / Rappbodeblick Trautenstein ~ this will come later: make a get request;56;056
2173ff2d-f89f-4226-b199-8b2ee8d2d198;1970-01-01T00:00:01.0+00:00;2037-12-31T23:00:01.000Z;10.989329999999995;51.6902;Stempelstelle 57 / Echowiese Allrode;Stempelstelle 57 / Echowiese Allrode ~ this will come later: make a get request;57;057
8e7728e2-a303-4e0a-bac4-c4d21a5c8505;1970-01-01T00:00:01.0+00:00;2037-12-31T23:00:01.000Z;10.630530000000022;51.63841;Stempelstelle 58 / Pferdchen;Stempelstelle 58 / Pferdchen ~ this will come later: make a get request;58;058
250b23b7-89d9-4e63-ab54-7ca98717eb6d;1970-01-01T00:00:01.0+00:00;2037-12-31T23:00:01.000Z;10.90976999999998;51.80498;Stempelstelle 59 / Klostergrund Michaelstein;Stempelstelle 59 / Klostergrund Michaelstein ~ this will come later: make a get request;59;059
0fbaff1e-6801-4f94-ab56-c4a289e27eef;1970-01-01T00:00:01.0+00:00;2037-12-31T23:00:01.000Z;10.896179999999958;51.72195;Stempelstelle 60 / Stemberghaus Köhlerei;Stempelstelle 60 / Stemberghaus Köhlerei ~ this will come later: make a get request;60;060
e76da041-0283-42cb-aad6-a91056a534ee;1970-01-01T00:00:01.0+00:00;2037-12-31T23:00:01.000Z;11.179520000000025;51.71355;Stempelstelle 61 / Harzer Grauwacke Rieder;Stempelstelle 61 / Harzer Grauwacke Rieder ~ this will come later: make a get request;61;061
18ae3d38-eab6-4fa5-94be-ff6ad5dbb6f5;1970-01-01T00:00:01.0+00:00;2037-12-31T23:00:01.000Z;10.919300000000021;51.74322;Stempelstelle 62 / Talsperre Wendefurth (Talsperrenblick);Stempelstelle 62 / Talsperre Wendefurth (Talsperrenblick) ~ this will come later: make a get request;62;062
d12f78c0-c7ee-4899-a298-33f5bb556ef2;1970-01-01T00:00:01.0+00:00;2037-12-31T23:00:01.000Z;10.923090000000002;51.72978;Stempelstelle 63 / Schöneburg (Aussichtspunkt);Stempelstelle 63 / Schöneburg (Aussichtspunkt) ~ this will come later: make a get request;63;063
3358e743-e7db-4b44-83b4-26de728e0e4b;1970-01-01T00:00:01.0+00:00;2037-12-31T23:00:01.000Z;10.949569999999994;51.73003;Stempelstelle 64 / Böser Kleef (Aussichtspunkt);Stempelstelle 64 / Böser Kleef (Aussichtspunkt) ~ this will come later: make a get request;64;064
4935fc0e-1fc9-41ee-846d-ba326276b33d;1970-01-01T00:00:01.0+00:00;2037-12-31T23:00:01.000Z;10.955670000000055;51.73703;Stempelstelle 65 / Gasthaus Todtenrode;Stempelstelle 65 / Gasthaus Todtenrode ~ this will come later: make a get request;65;065
5dc5ecf7-22c2-46ac-8208-a5ca4fee0753;1970-01-01T00:00:01.0+00:00;2037-12-31T23:00:01.000Z;10.966130000000021;51.7231;Stempelstelle 66 / Wilhelmsblick (Aussichtspunkt);Stempelstelle 66 / Wilhelmsblick (Aussichtspunkt) ~ this will come later: make a get request;66;066
1a2ed148-39a5-468d-8067-4f4a8fa595ba;1970-01-01T00:00:01.0+00:00;2037-12-31T23:00:01.000Z;10.97804999999994;51.71692;Stempelstelle 67 / Weißer Hirsch (Aussichtspunkt);Stempelstelle 67 / Weißer Hirsch (Aussichtspunkt) ~ this will come later: make a get request;67;067
04d2d451-493d-4922-92a3-37e2eb6d93e0;1970-01-01T00:00:01.0+00:00;2037-12-31T23:00:01.000Z;11.002230000000054;51.71732;"Stempelstelle 68 / ""Pfeil""-Denkmal";"Stempelstelle 68 / ""Pfeil""-Denkmal ~ this will come later: make a get request";68;068
8f6f9510-a831-48ea-b10c-7a0b3e28bf30;1970-01-01T00:00:01.0+00:00;2037-12-31T23:00:01.000Z;10.97013000000004;51.722;Stempelstelle 69 / Sonnenklippe (Bodetal);Stempelstelle 69 / Sonnenklippe (Bodetal) ~ this will come later: make a get request;69;069
2383f225-a26c-478e-ab3f-5a6433f4beee;1970-01-01T00:00:01.0+00:00;2037-12-31T23:00:01.000Z;11.007399999999961;51.73372;Stempelstelle 70 / Prinzensicht (Aussichtsturm);Stempelstelle 70 / Prinzensicht (Aussichtsturm) ~ this will come later: make a get request;70;070
f8d298d5-dc19-43db-9066-cd1405c3abae;1970-01-01T00:00:01.0+00:00;2037-12-31T23:00:01.000Z;11.01864999999998;51.73724;Stempelstelle 71 / Rosstrappe (Abzweig Schurre);Stempelstelle 71 / Rosstrappe (Abzweig Schurre) ~ this will come later: make a get request;71;071
73752f12-b372-4045-89dd-8788089cc7f8;1970-01-01T00:00:01.0+00:00;2037-12-31T23:00:01.000Z;11.016830000000027;51.73058;Stempelstelle 72 / La Viershöhe;Stempelstelle 72 / La Viershöhe ~ this will come later: make a get request;72;072
2f6fc86d-458a-4a7a-9f1c-2e13c46d85ce;1970-01-01T00:00:01.0+00:00;2037-12-31T23:00:01.000Z;11.05713000000003;51.72912;Stempelstelle 73 / Glockenstein;Stempelstelle 73 / Glockenstein ~ this will come later: make a get request;73;073
5e6311d1-2c43-4737-8635-5df5487eec2a;1970-01-01T00:00:01.0+00:00;2037-12-31T23:00:01.000Z;11.00112999999999;51.7769;Stempelstelle 74 / Hamburger Wappen (Teufelsmauer);Stempelstelle 74 / Hamburger Wappen (Teufelsmauer) ~ this will come later: make a get request;74;074
c0695484-4b5e-4be0-8d1b-bd068ad85416;1970-01-01T00:00:01.0+00:00;2037-12-31T23:00:01.000Z;10.565889999999968;51.73739;Stempelstelle 75 / Hahnenkleeklippen;Stempelstelle 75 / Hahnenkleeklippen ~ this will come later: make a get request;75;075
4391d27c-6a00-483f-bf2f-9cd32f851f9e;1970-01-01T00:00:01.0+00:00;2037-12-31T23:00:01.000Z;10.96717000000001;51.78598;Stempelstelle 76 / Großvaterfelsen;Stempelstelle 76 / Großvaterfelsen ~ this will come later: make a get request;76;076
3a675c82-618d-4a33-9719-da18573d4a50;1970-01-01T00:00:01.0+00:00;2037-12-31T23:00:01.000Z;10.954200000000014;51.78275;Stempelstelle 77 / Ruine Luisenburg;Stempelstelle 77 / Ruine Luisenburg ~ this will come later: make a get request;77;077
8a23dbce-c58b-4ac1-ae5a-9a79f2a91988;1970-01-01T00:00:01.0+00:00;2037-12-31T23:00:01.000Z;10.95634999999993;51.78747;Stempelstelle 78 / Barocke Gärten;Stempelstelle 78 / Barocke Gärten ~ this will come later: make a get request;78;078
113d585a-864a-40a2-a144-0bb3232a34e2;1970-01-01T00:00:01.0+00:00;2037-12-31T23:00:01.000Z;10.923019999999951;51.78495;Stempelstelle 79 / Otto-Ebert-Brücke (am Herzogsweg);Stempelstelle 79 / Otto-Ebert-Brücke (am Herzogsweg) ~ this will come later: make a get request;79;079
55f558e0-c0ac-40f0-b624-d6320db7b459;1970-01-01T00:00:01.0+00:00;2037-12-31T23:00:01.000Z;10.95835999999997;51.81386;Stempelstelle 80 / Burgruine Regenstein;Stempelstelle 80 / Burgruine Regenstein ~ this will come later: make a get request;80;080
e9fc7042-7314-48aa-bddb-2310f0e3c295;1970-01-01T00:00:01.0+00:00;2037-12-31T23:00:01.000Z;10.965840000000071;51.81721;Stempelstelle 81 / Sandhöhlen im Heers;Stempelstelle 81 / Sandhöhlen im Heers ~ this will come later: make a get request;81;081
8fc838b6-297f-462b-9eb2-3d1e0bbd8b9c;1970-01-01T00:00:01.0+00:00;2037-12-31T23:00:01.000Z;10.948830000000044;51.81653;Stempelstelle 82 / Regenstein-Mühle;Stempelstelle 82 / Regenstein-Mühle ~ this will come later: make a get request;82;082
59ecb25a-4b5e-4d54-8052-773270d2d13c;1970-01-01T00:00:01.0+00:00;2037-12-31T23:00:01.000Z;10.859289999999987;51.83771;Stempelstelle 83 / Austbergturm;Stempelstelle 83 / Austbergturm ~ this will come later: make a get request;83;083
09a53a32-3574-4aa4-962b-7a9ea851b01e;1970-01-01T00:00:01.0+00:00;2037-12-31T23:00:01.000Z;10.911299999999983;51.82693;Stempelstelle 84 / Altenburg (bei Heimburg);Stempelstelle 84 / Altenburg (bei Heimburg) ~ this will come later: make a get request;84;084
3c60c9ae-25be-4b1f-a87e-3ddb192b0d0e;1970-01-01T00:00:01.0+00:00;2037-12-31T23:00:01.000Z;10.726969999999937;51.80824;Stempelstelle 85 / Wasserkunst Thumkuhlental;Stempelstelle 85 / Wasserkunst Thumkuhlental ~ this will come later: make a get request;85;085
ccac44be-7bdd-4546-ae9e-9c88732b2f60;1970-01-01T00:00:01.0+00:00;2037-12-31T23:00:01.000Z;11.34486000000004;51.66015;Stempelstelle 86 / Bisongehege;Stempelstelle 86 / Bisongehege ~ this will come later: make a get request;86;086
01120de0-a8d3-46ad-bb41-0df2e82b1a22;1970-01-01T00:00:01.0+00:00;2037-12-31T23:00:01.000Z;10.873320000000035;51.78734;Stempelstelle 87 / Volkmarskeller;Stempelstelle 87 / Volkmarskeller ~ this will come later: make a get request;87;087
4d90af59-0bcb-416a-b950-7a962972ec67;1970-01-01T00:00:01.0+00:00;2037-12-31T23:00:01.000Z;10.846220000000017;51.7537;Stempelstelle 88 / Aussichtspavillon Hoher Kleef;Stempelstelle 88 / Aussichtspavillon Hoher Kleef ~ this will come later: make a get request;88;088
af11c56a-a900-481b-acdc-49f1162161c4;1970-01-01T00:00:01.0+00:00;2037-12-31T23:00:01.000Z;10.850469999999973;51.75973;Stempelstelle 89 / Schornsteinberg;Stempelstelle 89 / Schornsteinberg ~ this will come later: make a get request;89;089
5e09d9db-006e-466f-9425-ba0c61cf44f6;1970-01-01T00:00:01.0+00:00;2037-12-31T23:00:01.000Z;10.651679999999942;51.61714;Stempelstelle 90 / Roter Schuss;Stempelstelle 90 / Roter Schuss ~ this will come later: make a get request;90;090
d336b54c-4157-45ac-94ea-32db312c8fbd;1970-01-01T00:00:01.0+00:00;2037-12-31T23:00:01.000Z;10.41904999999997;51.89008;Stempelstelle 91 / Weltkulturerbe Rammelsberg;Stempelstelle 91 / Weltkulturerbe Rammelsberg ~ this will come later: make a get request;91;091
6042933c-18b5-42a9-9eee-9061f40bf9e6;1970-01-01T00:00:01.0+00:00;2037-12-31T23:00:01.000Z;10.826959999999985;51.58811;Stempelstelle 92 / Poppenberg mit Aussichtsturm;Stempelstelle 92 / Poppenberg mit Aussichtsturm ~ this will come later: make a get request;92;092
6497873d-9d9c-4376-b152-a26de0a6eed8;1970-01-01T00:00:01.0+00:00;2037-12-31T23:00:01.000Z;10.792570000000069;51.60127;Stempelstelle 93 / Dreitälerblick;Stempelstelle 93 / Dreitälerblick ~ this will come later: make a get request;93;093
54649dc9-bca3-4500-b32c-077df9e42201;1970-01-01T00:00:01.0+00:00;2037-12-31T23:00:01.000Z;10.891930000000002;51.60638;Stempelstelle 94 / Dreiherrenstein (am Brandhai 48A);Stempelstelle 94 / Dreiherrenstein (am Brandhai 48A) ~ this will come later: make a get request;94;094
46bd422d-faec-4d70-9063-cb2e12acd079;1970-01-01T00:00:01.0+00:00;2037-12-31T23:00:01.000Z;10.791580000000067;51.58742;Stempelstelle 95 / Ilfelder Wetterfahne;Stempelstelle 95 / Ilfelder Wetterfahne ~ this will come later: make a get request;95;095
8bf3f99a-876f-4a53-a44c-bca926d40e02;1970-01-01T00:00:01.0+00:00;2037-12-31T23:00:01.000Z;10.728450000000066;51.6077;Stempelstelle 96 / Ehemalige Steinmühle;Stempelstelle 96 / Ehemalige Steinmühle ~ this will come later: make a get request;96;096
7d7b8402-ae40-4cfc-b781-c9ab0d7006a7;1970-01-01T00:00:01.0+00:00;2037-12-31T23:00:01.000Z;10.790960000000041;51.63259;Stempelstelle 97 / Ziegenalm Sophienhof;Stempelstelle 97 / Ziegenalm Sophienhof ~ this will come later: make a get request;97;097
ecd16e5f-a7bc-49ef-8f00-fe6ee920f91d;1970-01-01T00:00:01.0+00:00;2037-12-31T23:00:01.000Z;10.837480000000028;51.5698;Stempelstelle 98 / Ruine Hohnstein;Stempelstelle 98 / Ruine Hohnstein ~ this will come later: make a get request;98;098
1e07f3bf-a064-454b-9a08-9927a4ef8240;1970-01-01T00:00:01.0+00:00;2037-12-31T23:00:01.000Z;10.82549389133726;51.556648547660124;Stempelstelle 99 / Harzer Holzdampflok;Stempelstelle 99 / Harzer Holzdampflok ~ this will come later: make a get request;99;099
c48da5d2-7aa9-4af4-a28a-8a1fefd4e0fd;1970-01-01T00:00:01.0+00:00;2037-12-31T23:00:01.000Z;10.87972000000002;51.55382;Stempelstelle 100 / Ebersburg;Stempelstelle 100 / Ebersburg ~ this will come later: make a get request;100;100
e37c7429-1243-48c6-a6b5-db07edb8c419;1970-01-01T00:00:01.0+00:00;2037-12-31T23:00:01.000Z;10.40440000000001;51.63502;Stempelstelle 101 / Einhornhöhle;Stempelstelle 101 / Einhornhöhle ~ this will come later: make a get request;101;101
b5c3e167-4815-4bd9-a38e-66f3ce743767;1970-01-01T00:00:01.0+00:00;2037-12-31T23:00:01.000Z;10.251440000000002;51.91484;Stempelstelle 102 / Lageswarte;Stempelstelle 102 / Lageswarte ~ this will come later: make a get request;102;102
ce3f9309-37b7-46cc-be9b-e5581069a818;1970-01-01T00:00:01.0+00:00;2037-12-31T23:00:01.000Z;10.255580000000009;51.88032;Stempelstelle 103 / Luchsstein;Stempelstelle 103 / Luchsstein ~ this will come later: make a get request;103;103
b028e272-9941-44d8-a4e9-e904bd4cd76c;1970-01-01T00:00:01.0+00:00;2037-12-31T23:00:01.000Z;10.238569999999982;51.8849;Stempelstelle 104 / Tränkebachhütte;Stempelstelle 104 / Tränkebachhütte ~ this will come later: make a get request;104;104
8b7e90d1-6159-4358-8d85-fe2b21002b48;1970-01-01T00:00:01.0+00:00;2037-12-31T23:00:01.000Z;10.288580000000024;51.8258;Stempelstelle 105 / Prinzenlaube;Stempelstelle 105 / Prinzenlaube ~ this will come later: make a get request;105;105
35698499-e7b8-402d-ae79-f563eaee3641;1970-01-01T00:00:01.0+00:00;2037-12-31T23:00:01.000Z;10.292050000000017;51.87683;Stempelstelle 106 / Schöne Aussicht Bielstein;Stempelstelle 106 / Schöne Aussicht Bielstein ~ this will come later: make a get request;106;106
7ad39d20-46b0-4984-85cd-30942561eab7;1970-01-01T00:00:01.0+00:00;2037-12-31T23:00:01.000Z;10.29024000000004;51.8636;Stempelstelle 107 / Maaßener Gaipel;Stempelstelle 107 / Maaßener Gaipel ~ this will come later: make a get request;107;107
a9bf6c31-d0b1-4cc3-9989-fe254d9f0862;1970-01-01T00:00:01.0+00:00;2037-12-31T23:00:01.000Z;10.467750000000024;51.91484;Stempelstelle 108 / Sudmerberger Warte;Stempelstelle 108 / Sudmerberger Warte ~ this will come later: make a get request;108;108
d8a2f5cd-d0de-4ea4-bb9a-1344b1cb5ebe;1970-01-01T00:00:01.0+00:00;2037-12-31T23:00:01.000Z;10.330159999999978;51.9128;Stempelstelle 109 / Heimberg;Stempelstelle 109 / Heimberg ~ this will come later: make a get request;109;109
6fb75d60-fa31-4aa3-8597-39030ef73dcf;1970-01-01T00:00:01.0+00:00;2037-12-31T23:00:01.000Z;10.382219999999961;51.90058;Stempelstelle 110 / Granestausee;Stempelstelle 110 / Granestausee ~ this will come later: make a get request;110;110
a644225d-d67a-4139-9580-ecbaa18b1c9b;1970-01-01T00:00:01.0+00:00;2037-12-31T23:00:01.000Z;10.405250000000024;51.90652;Stempelstelle 111 / Steinbergturm / Steinbergalm;Stempelstelle 111 / Steinbergturm / Steinbergalm ~ this will come later: make a get request;111;111
3ae7fdf1-d5fa-4f03-9fb7-89ae52a20c96;1970-01-01T00:00:01.0+00:00;2037-12-31T23:00:01.000Z;10.357319999999959;51.86065;Stempelstelle 112 / Liebesbank;Stempelstelle 112 / Liebesbank ~ this will come later: make a get request;112;112
bd43e13c-ad1f-46be-bcce-b701ba7a3021;1970-01-01T00:00:01.0+00:00;2037-12-31T23:00:01.000Z;10.299399999999991;51.84918;Stempelstelle 113 / Grumbacher Teich;Stempelstelle 113 / Grumbacher Teich ~ this will come later: make a get request;113;113
3065a0db-7587-42f6-b1d5-dd859b84dde3;1970-01-01T00:00:01.0+00:00;2037-12-31T23:00:01.000Z;10.426680000000033;51.88848;Stempelstelle 114 / Ramseck;Stempelstelle 114 / Ramseck ~ this will come later: make a get request;114;114
381b0dda-efaf-42e3-ac9e-4204eea96945;1970-01-01T00:00:01.0+00:00;2037-12-31T23:00:01.000Z;10.472210000000018;51.6408;Stempelstelle 115 / Bismarckturm;Stempelstelle 115 / Bismarckturm ~ this will come later: make a get request;115;115
feb517c3-3283-4604-9477-38d826f6bb6b;1970-01-01T00:00:01.0+00:00;2037-12-31T23:00:01.000Z;10.474079999999958;51.86725;Stempelstelle 116 / Verlobungsinsel in der Oker;Stempelstelle 116 / Verlobungsinsel in der Oker ~ this will come later: make a get request;116;116
6c38a3f6-f7e5-454c-9f81-6f5fe5655a4c;1970-01-01T00:00:01.0+00:00;2037-12-31T23:00:01.000Z;10.481390000000033;51.87183;Stempelstelle 117 / Treppenstein;Stempelstelle 117 / Treppenstein ~ this will come later: make a get request;117;117
db07132d-448d-4885-a46b-3cf6abb8ce45;1970-01-01T00:00:01.0+00:00;2037-12-31T23:00:01.000Z;10.484680000000026;51.86812;Stempelstelle 118 / Kästehaus;Stempelstelle 118 / Kästehaus ~ this will come later: make a get request;118;118
9c893e30-b498-4780-939c-0f93eba572b2;1970-01-01T00:00:01.0+00:00;2037-12-31T23:00:01.000Z;10.467869999999948;51.85412;Stempelstelle 119 / Hallesche Hütte (an den Ahrendsberger Klippen);Stempelstelle 119 / Hallesche Hütte (an den Ahrendsberger Klippen) ~ this will come later: make a get request;119;119
6b0b4232-1470-42cc-b3b7-8a5f6c174617;1970-01-01T00:00:01.0+00:00;2037-12-31T23:00:01.000Z;10.527230000000031;51.8791;Stempelstelle 120 / Elfenstein;Stempelstelle 120 / Elfenstein ~ this will come later: make a get request;120;120
86c94ce0-147e-44d6-a417-35301a41c692;1970-01-01T00:00:01.0+00:00;2037-12-31T23:00:01.000Z;10.566469999999981;51.87167;"Stempelstelle 121 / ""Aussichtsreich"" Burgberg";"Stempelstelle 121 / ""Aussichtsreich"" Burgberg ~ this will come later: make a get request";121;121
507cd8a5-62ff-4724-932e-6443a5be7415;1970-01-01T00:00:01.0+00:00;2037-12-31T23:00:01.000Z;10.592579999999998;51.87532;Stempelstelle 122 / Kreuz des deutschen Ostens;Stempelstelle 122 / Kreuz des deutschen Ostens ~ this will come later: make a get request;122;122
3b0039d8-2ddf-4456-8173-bdcdbc026625;1970-01-01T00:00:01.0+00:00;2037-12-31T23:00:01.000Z;10.562400000000025;51.71627;Stempelstelle 123 / Gaststätte Rinderstall;Stempelstelle 123 / Gaststätte Rinderstall ~ this will come later: make a get request;123;123
7b06efbc-f189-4108-a0d4-9ba98add822e;1970-01-01T00:00:01.0+00:00;2037-12-31T23:00:01.000Z;10.423469999999952;51.84091;Stempelstelle 124 / Köte am Heidenstieg;Stempelstelle 124 / Köte am Heidenstieg ~ this will come later: make a get request;124;124
8c2b8133-c582-4989-b8fb-574066c78e65;1970-01-01T00:00:01.0+00:00;2037-12-31T23:00:01.000Z;10.382290000000012;51.84882;Stempelstelle 125 / Schalker Turm;Stempelstelle 125 / Schalker Turm ~ this will come later: make a get request;125;125
501e3727-741b-42af-8c1b-58740abfb6db;1970-01-01T00:00:01.0+00:00;2037-12-31T23:00:01.000Z;10.37981000000002;51.83702;Stempelstelle 126 / Lochstein, Oberer Schalker Graben;Stempelstelle 126 / Lochstein, Oberer Schalker Graben ~ this will come later: make a get request;126;126
0ef5fa0f-f4b2-4980-9f97-40c7c2dd5270;1970-01-01T00:00:01.0+00:00;2037-12-31T23:00:01.000Z;10.388879999999972;51.79791;Stempelstelle 127 / Weppner Hütte, Jägersbleeker Teich;Stempelstelle 127 / Weppner Hütte, Jägersbleeker Teich ~ this will come later: make a get request;127;127
3b8f9f10-9894-45f3-8b57-9a9b25df20f5;1970-01-01T00:00:01.0+00:00;2037-12-31T23:00:01.000Z;10.377430000000004;51.78573;Stempelstelle 128 / Huttaler Widerwaage;Stempelstelle 128 / Huttaler Widerwaage ~ this will come later: make a get request;128;128
336c71aa-c352-4191-b54c-afe53a8584e9;1970-01-01T00:00:01.0+00:00;2037-12-31T23:00:01.000Z;10.22503000000006;51.81926;Stempelstelle 129 / Hütte im WeltWald Harz;Stempelstelle 129 / Hütte im WeltWald Harz ~ this will come later: make a get request;129;129
1c511fdb-0d41-4fcf-9adc-f26a958ee444;1970-01-01T00:00:01.0+00:00;2037-12-31T23:00:01.000Z;10.245200000000068;51.81987;Stempelstelle 130 / Iberger Albertturm;Stempelstelle 130 / Iberger Albertturm ~ this will come later: make a get request;130;130
f5467328-5bf9-4b36-8636-f74e8aace33f;1970-01-01T00:00:01.0+00:00;2037-12-31T23:00:01.000Z;10.275730000000067;51.79208;Stempelstelle 131 / Kaysereiche (Schutzhütte);Stempelstelle 131 / Kaysereiche (Schutzhütte) ~ this will come later: make a get request;131;131
10f4a936-d821-47ef-8c61-24a958b39b63;1970-01-01T00:00:01.0+00:00;2037-12-31T23:00:01.000Z;10.445580000000064;51.80594;Stempelstelle 132 / Schwarzenberg, Köte Brockenblick;Stempelstelle 132 / Schwarzenberg, Köte Brockenblick ~ this will come later: make a get request;132;132
b922318b-72f6-4a89-9156-9a306615bae3;1970-01-01T00:00:01.0+00:00;2037-12-31T23:00:01.000Z;10.48783000000003;51.80347;Stempelstelle 133 / Förster-Ludewig-Platz;Stempelstelle 133 / Förster-Ludewig-Platz ~ this will come later: make a get request;133;133
d52206d8-5aed-4324-8b85-f3e7cb16bff0;1970-01-01T00:00:01.0+00:00;2037-12-31T23:00:01.000Z;10.467539999999985;51.78544;Stempelstelle 134 / Gustav-Baumann-Weg (NPH);Stempelstelle 134 / Gustav-Baumann-Weg (NPH) ~ this will come later: make a get request;134;134
0a5b13dc-04df-4870-aad1-d13fa2b16171;1970-01-01T00:00:01.0+00:00;2037-12-31T23:00:01.000Z;10.503640000000019;51.79024;Stempelstelle 135 / Wolfswarte (NPH);Stempelstelle 135 / Wolfswarte (NPH) ~ this will come later: make a get request;135;135
25b59ec4-3d95-45c8-a62e-0c7f6c1a14ee;1970-01-01T00:00:01.0+00:00;2037-12-31T23:00:01.000Z;10.586419999999976;51.78772;Stempelstelle 136 / Eckersprung;Stempelstelle 136 / Eckersprung ~ this will come later: make a get request;136;136
309ae0f7-08ce-4b39-88ee-4e457cfe56bf;1970-01-01T00:00:01.0+00:00;2037-12-31T23:00:01.000Z;10.350999999999999;51.77606;Stempelstelle 137 / Bärenbrucher Teich;Stempelstelle 137 / Bärenbrucher Teich ~ this will come later: make a get request;137;137
ba46e59a-6438-44db-a364-f830b1485ec7;1970-01-01T00:00:01.0+00:00;2037-12-31T23:00:01.000Z;10.355230000000006;51.76677;Stempelstelle 138 / Braunseck;Stempelstelle 138 / Braunseck ~ this will come later: make a get request;138;138
11773905-bc38-488c-a26b-24f9219e5ad2;1970-01-01T00:00:01.0+00:00;2037-12-31T23:00:01.000Z;10.313830000000053;51.76632;Stempelstelle 139 / Kuckholzklippe;Stempelstelle 139 / Kuckholzklippe ~ this will come later: make a get request;139;139
8d6a69ad-5b1c-4465-83b6-578c330499e4;1970-01-01T00:00:01.0+00:00;2037-12-31T23:00:01.000Z;10.30147999999997;51.7462;Stempelstelle 140 / Eselsplatz;Stempelstelle 140 / Eselsplatz ~ this will come later: make a get request;140;140
5a45e39c-bb23-4e2a-bd3a-34aac64906dc;1970-01-01T00:00:01.0+00:00;2037-12-31T23:00:01.000Z;10.286078453063967;51.784759559219346;Stempelstelle 141 / Oberer Hahnebalzer Teich;Stempelstelle 141 / Oberer Hahnebalzer Teich ~ this will come later: make a get request;141;141
0e3c0617-ae24-4128-971d-b0d2ac50b063;1970-01-01T00:00:01.0+00:00;2037-12-31T23:00:01.000Z;10.279040000000009;51.89504;Stempelstelle 142 / Mandolinenhütte;Stempelstelle 142 / Mandolinenhütte ~ this will come later: make a get request;142;142
d68cbd57-f23e-44e7-9618-0bbee7e10294;1970-01-01T00:00:01.0+00:00;2037-12-31T23:00:01.000Z;10.336260000000038;51.72322;Stempelstelle 143 / Köte Schindelkopf;Stempelstelle 143 / Köte Schindelkopf ~ this will come later: make a get request;143;143
f5d04127-486d-4c84-a79e-926da4911e2b;1970-01-01T00:00:01.0+00:00;2037-12-31T23:00:01.000Z;10.40336000000002;51.72814;Stempelstelle 144 / Hanskühnenburg;Stempelstelle 144 / Hanskühnenburg ~ this will come later: make a get request;144;144
5492c96c-e2f1-4b75-b746-53858bf3d97a;1970-01-01T00:00:01.0+00:00;2037-12-31T23:00:01.000Z;10.387830000000008;51.7771;Stempelstelle 145 / Schmidts-Denkmal;Stempelstelle 145 / Schmidts-Denkmal ~ this will come later: make a get request;145;145
863c81a0-60be-4517-bbca-e086c41f5d7b;1970-01-01T00:00:01.0+00:00;2037-12-31T23:00:01.000Z;10.445730000000026;51.7626;Stempelstelle 146 / Großes Wehr;Stempelstelle 146 / Großes Wehr ~ this will come later: make a get request;146;146
47beb885-aaca-40c5-86a9-109dd40061f7;1970-01-01T00:00:01.0+00:00;2037-12-31T23:00:01.000Z;10.398339999999962;51.75382;Stempelstelle 147 / Eleonorenblick;Stempelstelle 147 / Eleonorenblick ~ this will come later: make a get request;147;147
32b374ec-f5a6-4297-9f8d-c537f2eadabf;1970-01-01T00:00:01.0+00:00;2037-12-31T23:00:01.000Z;10.581879999999956;51.72311;Stempelstelle 148 / Naturmythenpfad (NPH);Stempelstelle 148 / Naturmythenpfad (NPH) ~ this will come later: make a get request;148;148
796261ea-45d9-4c91-9794-f1b0765decef;1970-01-01T00:00:01.0+00:00;2037-12-31T23:00:01.000Z;10.475670000000036;51.79513;Stempelstelle 149 / Kleine Oker;Stempelstelle 149 / Kleine Oker ~ this will come later: make a get request;149;149
ef229c40-d735-41d9-90ed-d44d9f35d4a4;1970-01-01T00:00:01.0+00:00;2037-12-31T23:00:01.000Z;10.430119999999988;51.6674;Stempelstelle 150 / Großer Knollen;Stempelstelle 150 / Großer Knollen ~ this will come later: make a get request;150;150
103c2b60-d442-4a0d-a284-cf54e1a90cc2;1970-01-01T00:00:01.0+00:00;2037-12-31T23:00:01.000Z;10.408930000000055;51.62885;Stempelstelle 151 / Ruine Scharzfels;Stempelstelle 151 / Ruine Scharzfels ~ this will come later: make a get request;151;151
62e7dafb-b854-4836-8b73-b9a9e6dad13c;1970-01-01T00:00:01.0+00:00;2037-12-31T23:00:01.000Z;10.44259999999997;51.64342;Stempelstelle 152 / Knollenkreuz;Stempelstelle 152 / Knollenkreuz ~ this will come later: make a get request;152;152
e27cae6c-81c7-4672-9f37-19d08be96ddd;1970-01-01T00:00:01.0+00:00;2037-12-31T23:00:01.000Z;10.472049999999967;51.6884;Stempelstelle 153 / Goedeckenplatz;Stempelstelle 153 / Goedeckenplatz ~ this will come later: make a get request;153;153
f9bbaab7-2b38-4c78-b1a0-416c82a3f68b;1970-01-01T00:00:01.0+00:00;2037-12-31T23:00:01.000Z;10.511359999999968;51.73224;Stempelstelle 154 / Dreibrodestein;Stempelstelle 154 / Dreibrodestein ~ this will come later: make a get request;154;154
679f8552-6e52-4ebd-a8db-cf155e4e6452;1970-01-01T00:00:01.0+00:00;2037-12-31T23:00:01.000Z;10.538070000000062;51.72925;Stempelstelle 155 / Rehberger Grabenhaus;Stempelstelle 155 / Rehberger Grabenhaus ~ this will come later: make a get request;155;155
1b9be2c4-cd74-4ab8-96e2-030b19ca3b06;1970-01-01T00:00:01.0+00:00;2037-12-31T23:00:01.000Z;10.61868000000004;51.75643;Stempelstelle 156 / Wurmberg-Baude;Stempelstelle 156 / Wurmberg-Baude ~ this will come later: make a get request;156;156
f452b2b7-b64d-48f1-8661-140dbe997969;1970-01-01T00:00:01.0+00:00;2037-12-31T23:00:01.000Z;10.595739999999978;51.69071;Stempelstelle 157 / Kapellenfleck;Stempelstelle 157 / Kapellenfleck ~ this will come later: make a get request;157;157
4444a5f2-0eef-4df5-9fbc-bb8aca184b71;1970-01-01T00:00:01.0+00:00;2037-12-31T23:00:01.000Z;10.52494999999999;51.63829;Stempelstelle 158 / Hassenstein;Stempelstelle 158 / Hassenstein ~ this will come later: make a get request;158;158
e8f572d0-4df1-4918-9340-9c483909f999;1970-01-01T00:00:01.0+00:00;2037-12-31T23:00:01.000Z;10.554079999999999;51.65653;Stempelstelle 159 / Stöberhai;Stempelstelle 159 / Stöberhai ~ this will come later: make a get request;159;159
dccd0e7b-d49d-4e71-9631-49a49a4b7e87;1970-01-01T00:00:01.0+00:00;2037-12-31T23:00:01.000Z;10.610770000000002;51.64226;Stempelstelle 160 / Helenenruh Zorge;Stempelstelle 160 / Helenenruh Zorge ~ this will come later: make a get request;160;160
9dc083ac-a301-41e3-9a54-8017321a091b;1970-01-01T00:00:01.0+00:00;2037-12-31T23:00:01.000Z;10.542709999999943;51.63092;Stempelstelle 161 / Stephanshütte;Stempelstelle 161 / Stephanshütte ~ this will come later: make a get request;161;161
a38261eb-cd89-4c92-b8cd-0097c95f10ec;1970-01-01T00:00:01.0+00:00;2037-12-31T23:00:01.000Z;10.584870000000024;51.62819;Stempelstelle 162 / Kreuztalsklippe;Stempelstelle 162 / Kreuztalsklippe ~ this will come later: make a get request;162;162
d5260ade-c6ea-45aa-9a28-eac9b3a6dc9e;1970-01-01T00:00:01.0+00:00;2037-12-31T23:00:01.000Z;10.601291656494142;51.65317589589068;Stempelstelle 163 / Gipfelblick am Kaiserweg;Stempelstelle 163 / Gipfelblick am Kaiserweg ~ this will come later: make a get request;163;163
42c6ee57-04c5-4352-85d4-9e3bd6848e4b;1970-01-01T00:00:01.0+00:00;2037-12-31T23:00:01.000Z;10.643260000000055;51.6231;Stempelstelle 164 / Stiefmutter;Stempelstelle 164 / Stiefmutter ~ this will come later: make a get request;164;164
bb2e0b12-b18d-4be5-8e5b-3a5c59610f72;1970-01-01T00:00:01.0+00:00;2037-12-31T23:00:01.000Z;10.65709000000004;51.62454;Stempelstelle 165 / Wendel-Eiche;Stempelstelle 165 / Wendel-Eiche ~ this will come later: make a get request;165;165
ffab700f-ab6a-4046-82df-057e733035b7;1970-01-01T00:00:01.0+00:00;2037-12-31T23:00:01.000Z;10.583849999999984;51.58073;Stempelstelle 166 / Sachsensteinhütte;Stempelstelle 166 / Sachsensteinhütte ~ this will come later: make a get request;166;166
9ada61be-8cce-48fa-8f72-3d25c557de17;1970-01-01T00:00:01.0+00:00;2037-12-31T23:00:01.000Z;10.645909999999958;51.58104;Stempelstelle 167 / Hexentanzplatz (= Ellricher Blick);Stempelstelle 167 / Hexentanzplatz (= Ellricher Blick) ~ this will come later: make a get request;167;167
18f6a83a-692c-482e-ad3a-1ab2b902b2ba;1970-01-01T00:00:01.0+00:00;2037-12-31T23:00:01.000Z;10.580550000000017;51.78133;Stempelstelle 168 / Dreieckiger Pfahl;Stempelstelle 168 / Dreieckiger Pfahl ~ this will come later: make a get request;168;168
d1bf803e-4947-405f-aad0-bf0d0d903ae8;1970-01-01T00:00:01.0+00:00;2037-12-31T23:00:01.000Z;10.573100000000068;51.85568;Stempelstelle 169 / Molkenhaus;Stempelstelle 169 / Molkenhaus ~ this will come later: make a get request;169;169
0e528f51-b63c-4791-a81f-24be9b135ee1;1970-01-01T00:00:01.0+00:00;2037-12-31T23:00:01.000Z;10.605320000000006;51.86502;Stempelstelle 170 / Rabenklippe;Stempelstelle 170 / Rabenklippe ~ this will come later: make a get request;170;170
e5136b7c-639a-4d75-9d1c-e56c7f201329;1970-01-01T00:00:01.0+00:00;2037-12-31T23:00:01.000Z;10.33152999999993;51.88803;Stempelstelle 171 / Altarklippen (oberhalb d. Granestausees);Stempelstelle 171 / Altarklippen (oberhalb d. Granestausees) ~ this will come later: make a get request;171;171
1fca4b2f-0581-4f84-91d9-7c36835d4fe1;1970-01-01T00:00:01.0+00:00;2037-12-31T23:00:01.000Z;10.968380000000025;51.63703;Stempelstelle 172 / Katzsohlteich;Stempelstelle 172 / Katzsohlteich ~ this will come later: make a get request;172;172
deb8e91a-0d91-4132-8df5-cd45a5c91027;1970-01-01T00:00:01.0+00:00;2037-12-31T23:00:01.000Z;11.022739999999999;51.63769;Stempelstelle 173 / Waldwiese Hirschbüchenkopf;Stempelstelle 173 / Waldwiese Hirschbüchenkopf ~ this will come later: make a get request;173;173
0edc0176-fce9-426d-b1ae-7d88991a7dc2;1970-01-01T00:00:01.0+00:00;2037-12-31T23:00:01.000Z;10.7192;51.77536;Stempelstelle 174 / Hohnehof;Stempelstelle 174 / Hohnehof ~ this will come later: make a get request;174;174
c00e3e37-33ee-469f-9669-6566e5ae3a9f;1970-01-01T00:00:01.0+00:00;2037-12-31T23:00:01.000Z;11.06510000000003;51.61185;Stempelstelle 175 / Schaubergwerk Glasebach;Stempelstelle 175 / Schaubergwerk Glasebach ~ this will come later: make a get request;175;175
1849af12-4be7-446c-a36d-a76f378973d5;1970-01-01T00:00:01.0+00:00;2037-12-31T23:00:01.000Z;11.082959999999957;51.63218;Stempelstelle 176 / Uhlenköpfe Hänichen;Stempelstelle 176 / Uhlenköpfe Hänichen ~ this will come later: make a get request;176;176
4dee5fb8-484a-4eb3-810e-6ecc65bd336e;1970-01-01T00:00:01.0+00:00;2037-12-31T23:00:01.000Z;11.114779999999996;51.64635;Stempelstelle 177 / Verlobungsurne Alexisbad;Stempelstelle 177 / Verlobungsurne Alexisbad ~ this will come later: make a get request;177;177
d5ebffe5-d573-44b1-a1ae-9cdcc89adc0e;1970-01-01T00:00:01.0+00:00;2037-12-31T23:00:01.000Z;11.017749999999978;51.73363;Stempelstelle 178 / Hirschgrund (am Gasthaus Königsruhe);Stempelstelle 178 / Hirschgrund (am Gasthaus Königsruhe) ~ this will come later: make a get request;178;178
b40daef2-e28c-46e7-8f1e-ad50d1d574f9;1970-01-01T00:00:01.0+00:00;2037-12-31T23:00:01.000Z;11.165809999999965;51.66857;Stempelstelle 179 / IV. Friedrichshammer;Stempelstelle 179 / IV. Friedrichshammer ~ this will come later: make a get request;179;179
bf6e1ada-fd3d-4031-b9e1-d8f6600c484d;1970-01-01T00:00:01.0+00:00;2037-12-31T23:00:01.000Z;11.255459999999971;51.70738;Stempelstelle 180 / Alter Kohlenschacht;Stempelstelle 180 / Alter Kohlenschacht ~ this will come later: make a get request;180;180
b6dc8f08-3d7e-4ca0-8470-139e25953b2c;1970-01-01T00:00:01.0+00:00;2037-12-31T23:00:01.000Z;11.210000000000036;51.71611;Stempelstelle 181 / Forstmeister Tannen;Stempelstelle 181 / Forstmeister Tannen ~ this will come later: make a get request;181;181
c25b353a-cc97-4128-bce5-71a60893fdc9;1970-01-01T00:00:01.0+00:00;2037-12-31T23:00:01.000Z;11.182530000000042;51.69141;Stempelstelle 182 / Schirm;Stempelstelle 182 / Schirm ~ this will come later: make a get request;182;182
357b8679-27c6-4a7f-98db-37da1b4a13d6;1970-01-01T00:00:01.0+00:00;2037-12-31T23:00:01.000Z;11.130899999999997;51.71769;Stempelstelle 183 / Försterblick Gernrode;Stempelstelle 183 / Försterblick Gernrode ~ this will come later: make a get request;183;183
b69b22e4-fbc2-4d42-ad3f-48c5ab80351a;1970-01-01T00:00:01.0+00:00;2037-12-31T23:00:01.000Z;11.095890000000054;51.68222;Stempelstelle 184 / Bärendenkmal;Stempelstelle 184 / Bärendenkmal ~ this will come later: make a get request;184;184
dae9c271-8417-40b3-b79e-9a47902c0974;1970-01-01T00:00:01.0+00:00;2037-12-31T23:00:01.000Z;11.11916999999994;51.72378;Stempelstelle 185 / Preußenturm;Stempelstelle 185 / Preußenturm ~ this will come later: make a get request;185;185
c7efeaf4-9519-4309-b72e-dc272a455de7;1970-01-01T00:00:01.0+00:00;2037-12-31T23:00:01.000Z;11.105580000000032;51.71634;Stempelstelle 186 / Anhaltinischer Salstein;Stempelstelle 186 / Anhaltinischer Salstein ~ this will come later: make a get request;186;186
35d07a92-1ff8-4f56-8d61-bd4dd8284b6c;1970-01-01T00:00:01.0+00:00;2037-12-31T23:00:01.000Z;11.080709999999954;51.72632;Stempelstelle 187 / Lauenburg;Stempelstelle 187 / Lauenburg ~ this will come later: make a get request;187;187
c9439ceb-4df7-4e29-9951-52a740bd8caf;1970-01-01T00:00:01.0+00:00;2037-12-31T23:00:01.000Z;11.08734000000004;51.75603;Stempelstelle 188 / Teufelsmauer Weddersleben;Stempelstelle 188 / Teufelsmauer Weddersleben ~ this will come later: make a get request;188;188
4d4e6e22-abcc-4d4d-a770-d6ac61106429;1970-01-01T00:00:01.0+00:00;2037-12-31T23:00:01.000Z;11.07928000000004;51.68488;Stempelstelle 189 / Große Teufelsmühle;Stempelstelle 189 / Große Teufelsmühle ~ this will come later: make a get request;189;189
16bbea31-db5b-46d1-91bc-71f8aa7f99e2;1970-01-01T00:00:01.0+00:00;2037-12-31T23:00:01.000Z;11.065000000000055;51.67948;Stempelstelle 190 / Bergrat-Müller-Teich;Stempelstelle 190 / Bergrat-Müller-Teich ~ this will come later: make a get request;190;190
93b1d080-00a5-402d-b1ef-7dde4c44b873;1970-01-01T00:00:01.0+00:00;2037-12-31T23:00:01.000Z;11.036499999999933;51.67238;Stempelstelle 191 / Laubtalblick;Stempelstelle 191 / Laubtalblick ~ this will come later: make a get request;191;191
9b200dc4-d6b4-4ba7-9fa6-7ac110edf2a9;1970-01-01T00:00:01.0+00:00;2037-12-31T23:00:01.000Z;10.575240000000008;51.57689;Stempelstelle 192 / Historischer Gipsbrennofen;Stempelstelle 192 / Historischer Gipsbrennofen ~ this will come later: make a get request;192;192
0deda842-f7b9-40f6-a0e6-f5492cc4d0a5;1970-01-01T00:00:01.0+00:00;2037-12-31T23:00:01.000Z;11.136719999999968;51.60795;Stempelstelle 193 / Stahlquelle;Stempelstelle 193 / Stahlquelle ~ this will come later: make a get request;193;193
b3173e89-bc45-4079-a5c1-7d31bfc336c0;1970-01-01T00:00:01.0+00:00;2037-12-31T23:00:01.000Z;11.08132999999998;51.61791;Stempelstelle 194 / Hellergrund;Stempelstelle 194 / Hellergrund ~ this will come later: make a get request;194;194
f3a83e04-181f-41fa-813f-854dd9d1a5c9;1970-01-01T00:00:01.0+00:00;2037-12-31T23:00:01.000Z;11.126269999999977;51.6609;Stempelstelle 195 / Köthener Hütte;Stempelstelle 195 / Köthener Hütte ~ this will come later: make a get request;195;195
b072e6f5-c857-4d7b-bf9c-21b922258260;1970-01-01T00:00:01.0+00:00;2037-12-31T23:00:01.000Z;11.112319999999954;51.68493;Stempelstelle 196 / Bremer Teich;Stempelstelle 196 / Bremer Teich ~ this will come later: make a get request;196;196
7561f72d-d560-4a26-88eb-74b1c3db2a07;1970-01-01T00:00:01.0+00:00;2037-12-31T23:00:01.000Z;11.193179999999984;51.66807;Stempelstelle 197 / Burgruine Anhalt;Stempelstelle 197 / Burgruine Anhalt ~ this will come later: make a get request;197;197
4f6c1909-1b45-433f-ac11-959397f3e116;1970-01-01T00:00:01.0+00:00;2037-12-31T23:00:01.000Z;10.858050000000048;51.51768;Stempelstelle 198 / Glockensteine;Stempelstelle 198 / Glockensteine ~ this will come later: make a get request;198;198
c36821de-ddd2-42df-b418-264b45c64bc8;1970-01-01T00:00:01.0+00:00;2037-12-31T23:00:01.000Z;11.258789999999976;51.71425;Stempelstelle 199 / Bismarckturm;Stempelstelle 199 / Bismarckturm ~ this will come later: make a get request;199;199
393a559a-d7a0-4971-ae60-e2b7c9a16fbd;1970-01-01T00:00:01.0+00:00;2037-12-31T23:00:01.000Z;11.265949999999975;51.6818;Stempelstelle 200 / Burg Falkenstein;Stempelstelle 200 / Burg Falkenstein ~ this will come later: make a get request;200;200
36bf6521-a867-4d52-9d69-b9785a62e8fa;1970-01-01T00:00:01.0+00:00;2037-12-31T23:00:01.000Z;11.347999999999956;51.714;Stempelstelle 201 / Konradsburg;Stempelstelle 201 / Konradsburg ~ this will come later: make a get request;201;201
5bef5245-62af-4868-8586-77c5f6ce50f2;1970-01-01T00:00:01.0+00:00;2037-12-31T23:00:01.000Z;11.307680000000005;51.6854;Stempelstelle 202 / Landschaftspark Degenershausen;Stempelstelle 202 / Landschaftspark Degenershausen ~ this will come later: make a get request;202;202
fc39b54c-8509-4ee3-bd6b-4c38bc7db4a3;1970-01-01T00:00:01.0+00:00;2037-12-31T23:00:01.000Z;11.23257000000001;51.67912;Stempelstelle 203 / Schutzhütte am Mettenberg;Stempelstelle 203 / Schutzhütte am Mettenberg ~ this will come later: make a get request;203;203
86e76f05-c2d7-4536-bd47-9fc6ffe731ce;1970-01-01T00:00:01.0+00:00;2037-12-31T23:00:01.000Z;11.254429999999957;51.68547;Stempelstelle 204 / Selkesicht an der Ackeburg;Stempelstelle 204 / Selkesicht an der Ackeburg ~ this will come later: make a get request;204;204
73d4dd3b-a292-4e48-a395-033c96b37cd6;1970-01-01T00:00:01.0+00:00;2037-12-31T23:00:01.000Z;11.30630999999994;51.66342;Stempelstelle 205 / Rastplatz unterhalb des Cluesberges;Stempelstelle 205 / Rastplatz unterhalb des Cluesberges ~ this will come later: make a get request;205;205
29ec0eb1-ba1e-48bf-a4e8-e22a435d22cd;1970-01-01T00:00:01.0+00:00;2037-12-31T23:00:01.000Z;10.641579999999976;51.67538;Stempelstelle 206 / Hahnestein;Stempelstelle 206 / Hahnestein ~ this will come later: make a get request;206;206
36ea30c0-c178-495b-a534-45de75f972ba;1970-01-01T00:00:01.0+00:00;2037-12-31T23:00:01.000Z;11.283379999999966;51.7007;Stempelstelle 207 / Mausoleum;Stempelstelle 207 / Mausoleum ~ this will come later: make a get request;207;207
262523ab-7c1e-4616-b0df-c732587ec4e8;1970-01-01T00:00:01.0+00:00;2037-12-31T23:00:01.000Z;11.314430000000016;51.5345;Stempelstelle 208 / Burgruine Grillenburg;Stempelstelle 208 / Burgruine Grillenburg ~ this will come later: make a get request;208;208
44716bae-cd36-4ebe-a943-76c2db7ec0b6;1970-01-01T00:00:01.0+00:00;2037-12-31T23:00:01.000Z;11.270999999999958;51.49308;Stempelstelle 209 / Moltkewarte (Aussichtsturm);Stempelstelle 209 / Moltkewarte (Aussichtsturm) ~ this will come later: make a get request;209;209
0259ff01-4856-47d9-83d8-5cccdeba0a91;1970-01-01T00:00:01.0+00:00;2037-12-31T23:00:01.000Z;11.141830000000027;51.50133;Stempelstelle 210 / Schöne Aussicht Hainrode;Stempelstelle 210 / Schöne Aussicht Hainrode ~ this will come later: make a get request;210;210
5274117e-916a-4e73-8221-fa62aaa5643f;1970-01-01T00:00:01.0+00:00;2037-12-31T23:00:01.000Z;11.014949999999999;51.60758;Stempelstelle 211 / Kiliansteiche;Stempelstelle 211 / Kiliansteiche ~ this will come later: make a get request;211;211
04d2775a-3df1-4b04-b1bd-f32a58dfc192;1970-01-01T00:00:01.0+00:00;2037-12-31T23:00:01.000Z;11.117200000000025;51.49327;Stempelstelle 212 / An der Queste;Stempelstelle 212 / An der Queste ~ this will come later: make a get request;212;212
1be30fdf-4daf-4560-b7df-fa6cc8f7dc56;1970-01-01T00:00:01.0+00:00;2037-12-31T23:00:01.000Z;11.077940000000012;51.48897;Stempelstelle 213 / Bauerngraben;Stempelstelle 213 / Bauerngraben ~ this will come later: make a get request;213;213
2753b50b-0c98-476d-9259-b48ec78c6f11;1970-01-01T00:00:01.0+00:00;2037-12-31T23:00:01.000Z;10.947769999999991;51.49778;Stempelstelle 214 / Reesbergdoline;Stempelstelle 214 / Reesbergdoline ~ this will come later: make a get request;214;214
0212f2ce-c48f-4072-b6de-d2e56e9cd9a8;1970-01-01T00:00:01.0+00:00;2037-12-31T23:00:01.000Z;11.005530000000022;51.58061;Stempelstelle 215 / Josephshöhe (Auerberg);Stempelstelle 215 / Josephshöhe (Auerberg) ~ this will come later: make a get request;215;215
f0660015-19dc-48f7-9a51-1f5507a1b331;1970-01-01T00:00:01.0+00:00;2037-12-31T23:00:01.000Z;10.952710000000025;51.5718;Stempelstelle 216 / Lutherbuche Stolberg;Stempelstelle 216 / Lutherbuche Stolberg ~ this will come later: make a get request;216;216
2191b461-d6e9-4a90-95eb-7257ee77d011;1970-01-01T00:00:01.0+00:00;2037-12-31T23:00:01.000Z;10.532479999999964;51.77944;Stempelstelle 217 / Sonnenkappe Oderteich (NPH);Stempelstelle 217 / Sonnenkappe Oderteich (NPH) ~ this will come later: make a get request;217;217
6d599a0c-1f81-4650-ad25-77c342367fd6;1970-01-01T00:00:01.0+00:00;2037-12-31T23:00:01.000Z;10.863330000000019;51.57888;Stempelstelle 218 / Neustädter Talsperre;Stempelstelle 218 / Neustädter Talsperre ~ this will come later: make a get request;218;218
89fbd621-5594-4259-9b6d-cf57621e3c12;1970-01-01T00:00:01.0+00:00;2037-12-31T23:00:01.000Z;11.192659999999933;51.56956;Stempelstelle 219 / Wippertalsperre;Stempelstelle 219 / Wippertalsperre ~ this will come later: make a get request;219;219
9d961980-aac4-4dc3-bd27-0c3d5635ba87;1970-01-01T00:00:01.0+00:00;2037-12-31T23:00:01.000Z;10.53117999999995;51.60973;Stempelstelle 220 / Schutzhütte Phillippsgruß;Stempelstelle 220 / Schutzhütte Phillippsgruß ~ this will come later: make a get request;220;220
341686d6-001a-47e6-899e-9ebcab74adee;1970-01-01T00:00:01.0+00:00;2037-12-31T23:00:01.000Z;10.51382000000001;51.8042;Stempelstelle 221 / Jungfernklippe;Stempelstelle 221 / Jungfernklippe ~ this will come later: make a get request;221;221
2428ba88-dfb1-4ec8-aa7b-52255e8e97b6;1970-01-01T00:00:01.0+00:00;2037-12-31T23:00:01.000Z;11.276939999999968;51.52038;Stempelstelle 222 / Bergbaulehrpfad Wettelrode;Stempelstelle 222 / Bergbaulehrpfad Wettelrode ~ this will come later: make a get request;222;222
